Site_Name,Date,Local_Authority_Population,Daily_Cases,Cumulative_Cases,Rolling_Sum,Daily_Cases_100k,Rolling_Sum_100k,Week
Cardiff,2020-02-03,366903,0,0,,0,,6
Cardiff,2020-02-04,366903,0,0,,0,,6
Cardiff,2020-02-05,366903,0,0,,0,,6
Cardiff,2020-02-06,366903,0,0,,0,,6
Cardiff,2020-02-07,366903,0,0,,0,,6
Cardiff,2020-02-08,366903,0,0,,0,,6
Cardiff,2020-02-09,366903,0,0,0,0,0,6
Cardiff,2020-02-10,366903,0,0,0,0,0,7
Cardiff,2020-02-11,366903,0,0,0,0,0,7
Cardiff,2020-02-12,366903,0,0,0,0,0,7
Cardiff,2020-02-13,366903,0,0,0,0,0,7
Cardiff,2020-02-14,366903,0,0,0,0,0,7
Cardiff,2020-02-15,366903,0,0,0,0,0,7
Cardiff,2020-02-16,366903,0,0,0,0,0,7
Cardiff,2020-02-17,366903,0,0,0,0,0,8
Cardiff,2020-02-18,366903,0,0,0,0,0,8
Cardiff,2020-02-19,366903,0,0,0,0,0,8
Cardiff,2020-02-20,366903,0,0,0,0,0,8
Cardiff,2020-02-21,366903,0,0,0,0,0,8
Cardiff,2020-02-22,366903,0,0,0,0,0,8
Cardiff,2020-02-23,366903,0,0,0,0,0,8
Cardiff,2020-02-24,366903,0,0,0,0,0,9
Cardiff,2020-02-25,366903,0,0,0,0,0,9
Cardiff,2020-02-26,366903,0,0,0,0,0,9
Cardiff,2020-02-27,366903,0,0,0,0,0,9
Cardiff,2020-02-28,366903,0,0,0,0,0,9
Cardiff,2020-02-29,366903,0,0,0,0,0,9
Cardiff,2020-03-01,366903,0,0,0,0,0,9
Cardiff,2020-03-02,366903,0,0,0,0,0,10
Cardiff,2020-03-03,366903,0,0,0,0,0,10
Cardiff,2020-03-04,366903,1,1,1,0.272551600831828,0.272551600831828,10
Cardiff,2020-03-05,366903,0,1,1,0,0.272551600831828,10
Cardiff,2020-03-06,366903,0,1,1,0,0.272551600831828,10
Cardiff,2020-03-07,366903,0,1,1,0,0.272551600831828,10
Cardiff,2020-03-08,366903,0,1,1,0,0.272551600831828,10
Cardiff,2020-03-09,366903,1,2,2,0.272551600831828,0.545103201663655,11
Cardiff,2020-03-10,366903,1,3,3,0.272551600831828,0.817654802495482,11
Cardiff,2020-03-11,366903,1,4,3,0.272551600831828,0.817654802495482,11
Cardiff,2020-03-12,366903,1,5,4,0.272551600831828,1.09020640332731,11
Cardiff,2020-03-13,366903,0,5,4,0,1.09020640332731,11
Cardiff,2020-03-14,366903,4,9,8,1.09020640332731,2.18041280665462,11
Cardiff,2020-03-15,366903,6,15,14,1.63530960499096,3.81572241164559,11
Cardiff,2020-03-16,366903,7,22,20,1.90786120582279,5.45103201663655,12
Cardiff,2020-03-17,366903,11,33,30,2.9980676091501,8.17654802495482,12
Cardiff,2020-03-18,366903,7,40,36,1.90786120582279,9.81185762994579,12
Cardiff,2020-03-19,366903,15,55,50,4.08827401247741,13.6275800415914,12
Cardiff,2020-03-20,366903,11,66,61,2.9980676091501,16.6256476507415,12
Cardiff,2020-03-21,366903,13,79,70,3.54317081081376,19.0786120582279,12
Cardiff,2020-03-22,366903,11,90,75,2.9980676091501,20.4413700623871,12
Cardiff,2020-03-23,366903,25,115,93,6.81379002079569,25.34729887736,13
Cardiff,2020-03-24,366903,19,134,101,5.17848041580472,27.5277116840146,13
Cardiff,2020-03-25,366903,29,163,123,7.903996424123,33.5238469023148,13
Cardiff,2020-03-26,366903,34,197,142,9.26675442828213,38.7023273181195,13
Cardiff,2020-03-27,366903,33,230,164,8.99420282745031,44.6984625364197,13
Cardiff,2020-03-28,366903,39,269,190,10.6295124324413,51.7848041580472,13
Cardiff,2020-03-29,366903,29,298,208,7.903996424123,56.6907329730201,13
Cardiff,2020-03-30,366903,55,353,238,14.9903380457505,64.867280997975,14
Cardiff,2020-03-31,366903,59,412,278,16.0805444490778,75.769345031248,14
Cardiff,2020-04-01,366903,72,484,321,19.6237152598916,87.4890638670166,14
Cardiff,2020-04-02,366903,84,568,371,22.8943344698735,101.116643908608,14
Cardiff,2020-04-03,366903,64,632,402,17.443302453237,109.565743534395,14
Cardiff,2020-04-04,366903,46,678,409,12.5373736382641,111.473604740217,14
Cardiff,2020-04-05,366903,29,707,409,7.903996424123,111.473604740217,14
Cardiff,2020-04-06,366903,77,784,431,20.9864732640507,117.469739958518,15
Cardiff,2020-04-07,366903,75,859,447,20.4413700623871,121.830565571827,15
Cardiff,2020-04-08,366903,64,923,439,17.443302453237,119.650152765172,15
Cardiff,2020-04-09,366903,79,1002,434,21.5315764657144,118.287394761013,15
Cardiff,2020-04-10,366903,47,1049,417,12.8099252390959,113.654017546872,15
Cardiff,2020-04-11,366903,44,1093,415,11.9922704366004,113.108914345208,15
Cardiff,2020-04-12,366903,40,1133,426,10.9020640332731,116.106981954359,15
Cardiff,2020-04-13,366903,46,1179,395,12.5373736382641,107.657882328572,16
Cardiff,2020-04-14,366903,60,1239,380,16.3530960499097,103.569608316094,16
Cardiff,2020-04-15,366903,45,1284,361,12.2648220374322,98.3911279002897,16
Cardiff,2020-04-16,366903,50,1334,332,13.6275800415914,90.4871314761667,16
Cardiff,2020-04-17,366903,41,1375,326,11.1746156341049,88.8518218711758,16
Cardiff,2020-04-18,366903,37,1412,319,10.0844092307776,86.943960665353,16
Cardiff,2020-04-19,366903,30,1442,309,8.17654802495482,84.2184446570347,16
Cardiff,2020-04-20,366903,44,1486,307,11.9922704366004,83.673341455371,17
Cardiff,2020-04-21,366903,35,1521,282,9.53930602911396,76.8595514345754,17
Cardiff,2020-04-22,366903,37,1558,274,10.0844092307776,74.6791386279207,17
Cardiff,2020-04-23,366903,31,1589,255,8.44909962578665,69.500658212116,17
Cardiff,2020-04-24,366903,25,1614,239,6.81379002079569,65.1398325988068,17
Cardiff,2020-04-25,366903,27,1641,229,7.35889322245934,62.4143165904885,17
Cardiff,2020-04-26,366903,14,1655,213,3.81572241164559,58.0534909771793,17
Cardiff,2020-04-27,366903,14,1669,183,3.81572241164559,49.8769429522244,18
Cardiff,2020-04-28,366903,27,1696,175,7.35889322245934,47.6965301455698,18
Cardiff,2020-04-29,366903,11,1707,149,2.9980676091501,40.6101885239423,18
Cardiff,2020-04-30,366903,31,1738,149,8.44909962578665,40.6101885239423,18
Cardiff,2020-05-01,366903,25,1763,149,6.81379002079569,40.6101885239423,18
Cardiff,2020-05-02,366903,19,1782,141,5.17848041580472,38.4297757172877,18
Cardiff,2020-05-03,366903,9,1791,136,2.45296440748645,37.0670177131285,18
Cardiff,2020-05-04,366903,9,1800,131,2.45296440748645,35.7042597089694,19
Cardiff,2020-05-05,366903,13,1813,117,3.54317081081376,31.8885372973238,19
Cardiff,2020-05-06,366903,11,1824,117,2.9980676091501,31.8885372973238,19
Cardiff,2020-05-07,366903,17,1841,103,4.63337721414107,28.0728148856782,19
Cardiff,2020-05-08,366903,9,1850,87,2.45296440748645,23.711989272369,19
Cardiff,2020-05-09,366903,10,1860,78,2.72551600831828,21.2590248648825,19
Cardiff,2020-05-10,366903,14,1874,83,3.81572241164559,22.6217828690417,19
Cardiff,2020-05-11,366903,12,1886,86,3.27061920998193,23.4394376715372,20
Cardiff,2020-05-12,366903,13,1899,86,3.54317081081376,23.4394376715372,20
Cardiff,2020-05-13,366903,8,1907,83,2.18041280665462,22.6217828690417,20
Cardiff,2020-05-14,366903,6,1913,72,1.63530960499096,19.6237152598916,20
Cardiff,2020-05-15,366903,16,1929,79,4.36082561330924,21.5315764657144,20
Cardiff,2020-05-16,366903,10,1939,79,2.72551600831828,21.5315764657144,20
Cardiff,2020-05-17,366903,7,1946,72,1.90786120582279,19.6237152598916,20
Cardiff,2020-05-18,366903,9,1955,69,2.45296440748645,18.8060604573961,21
Cardiff,2020-05-19,366903,17,1972,73,4.63337721414107,19.8962668607234,21
Cardiff,2020-05-20,366903,14,1986,79,3.81572241164559,21.5315764657144,21
Cardiff,2020-05-21,366903,14,2000,87,3.81572241164559,23.711989272369,21
Cardiff,2020-05-22,366903,11,2011,82,2.9980676091501,22.3492312682099,21
Cardiff,2020-05-23,366903,20,2031,92,5.45103201663655,25.0747472765281,21
Cardiff,2020-05-24,366903,12,2043,97,3.27061920998193,26.4375052806873,21
Cardiff,2020-05-25,366903,11,2054,99,2.9980676091501,26.9826084823509,22
Cardiff,2020-05-26,366903,7,2061,89,1.90786120582279,24.2570924740327,22
Cardiff,2020-05-27,366903,13,2074,88,3.54317081081376,23.9845408732008,22
Cardiff,2020-05-28,366903,18,2092,92,4.9059288149729,25.0747472765281,22
Cardiff,2020-05-29,366903,10,2102,91,2.72551600831828,24.8021956756963,22
Cardiff,2020-05-30,366903,8,2110,79,2.18041280665462,21.5315764657144,22
Cardiff,2020-05-31,366903,8,2118,75,2.18041280665462,20.4413700623871,22
Cardiff,2020-06-01,366903,10,2128,74,2.72551600831828,20.1688184615552,23
Cardiff,2020-06-02,366903,13,2141,80,3.54317081081376,21.8041280665462,23
Cardiff,2020-06-03,366903,16,2157,83,4.36082561330924,22.6217828690417,23
Cardiff,2020-06-04,366903,10,2167,75,2.72551600831828,20.4413700623871,23
Cardiff,2020-06-05,366903,3,2170,68,0.817654802495482,18.5335088565643,23
Cardiff,2020-06-06,366903,6,2176,66,1.63530960499096,17.9884056549006,23
Cardiff,2020-06-07,366903,4,2180,62,1.09020640332731,16.8981992515733,23
Cardiff,2020-06-08,366903,12,2192,64,3.27061920998193,17.443302453237,24
Cardiff,2020-06-09,366903,11,2203,62,2.9980676091501,16.8981992515733,24
Cardiff,2020-06-10,366903,2,2205,48,0.545103201663655,13.0824768399277,24
Cardiff,2020-06-11,366903,5,2210,43,1.36275800415914,11.7197188357686,24
Cardiff,2020-06-12,366903,4,2214,44,1.09020640332731,11.9922704366004,24
Cardiff,2020-06-13,366903,5,2219,43,1.36275800415914,11.7197188357686,24
Cardiff,2020-06-14,366903,1,2220,40,0.272551600831828,10.9020640332731,24
Cardiff,2020-06-15,366903,4,2224,32,1.09020640332731,8.72165122661848,25
Cardiff,2020-06-16,366903,4,2228,25,1.09020640332731,6.81379002079569,25
Cardiff,2020-06-17,366903,4,2232,27,1.09020640332731,7.35889322245934,25
Cardiff,2020-06-18,366903,6,2238,28,1.63530960499096,7.63144482329117,25
Cardiff,2020-06-19,366903,3,2241,27,0.817654802495482,7.35889322245934,25
Cardiff,2020-06-20,366903,2,2243,24,0.545103201663655,6.54123841996386,25
Cardiff,2020-06-21,366903,4,2247,27,1.09020640332731,7.35889322245934,25
Cardiff,2020-06-22,366903,6,2253,29,1.63530960499096,7.903996424123,26
Cardiff,2020-06-23,366903,2,2255,27,0.545103201663655,7.35889322245934,26
Cardiff,2020-06-24,366903,2,2257,25,0.545103201663655,6.81379002079569,26
Cardiff,2020-06-25,366903,3,2260,22,0.817654802495482,5.9961352183002,26
Cardiff,2020-06-26,366903,1,2261,20,0.272551600831828,5.45103201663655,26
Cardiff,2020-06-27,366903,10,2271,28,2.72551600831828,7.63144482329117,26
Cardiff,2020-06-28,366903,4,2275,28,1.09020640332731,7.63144482329117,26
Cardiff,2020-06-29,366903,3,2278,25,0.817654802495482,6.81379002079569,27
Cardiff,2020-06-30,366903,2,2280,25,0.545103201663655,6.81379002079569,27
Cardiff,2020-07-01,366903,1,2281,24,0.272551600831828,6.54123841996386,27
Cardiff,2020-07-02,366903,2,2283,23,0.545103201663655,6.26868681913203,27
Cardiff,2020-07-03,366903,2,2285,24,0.545103201663655,6.54123841996386,27
Cardiff,2020-07-04,366903,1,2286,15,0.272551600831828,4.08827401247741,27
Cardiff,2020-07-05,366903,2,2288,13,0.545103201663655,3.54317081081376,27
Cardiff,2020-07-06,366903,2,2290,12,0.545103201663655,3.27061920998193,28
Cardiff,2020-07-07,366903,2,2292,12,0.545103201663655,3.27061920998193,28
Cardiff,2020-07-08,366903,0,2292,11,0,2.9980676091501,28
Cardiff,2020-07-09,366903,0,2292,9,0,2.45296440748645,28
Cardiff,2020-07-10,366903,2,2294,9,0.545103201663655,2.45296440748645,28
Cardiff,2020-07-11,366903,0,2294,8,0,2.18041280665462,28
Cardiff,2020-07-12,366903,1,2295,7,0.272551600831828,1.90786120582279,28
Cardiff,2020-07-13,366903,0,2295,5,0,1.36275800415914,29
Cardiff,2020-07-14,366903,1,2296,4,0.272551600831828,1.09020640332731,29
Cardiff,2020-07-15,366903,3,2299,7,0.817654802495482,1.90786120582279,29
Cardiff,2020-07-16,366903,1,2300,8,0.272551600831828,2.18041280665462,29
Cardiff,2020-07-17,366903,1,2301,7,0.272551600831828,1.90786120582279,29
Cardiff,2020-07-18,366903,0,2301,7,0,1.90786120582279,29
Cardiff,2020-07-19,366903,0,2301,6,0,1.63530960499096,29
Cardiff,2020-07-20,366903,2,2303,8,0.545103201663655,2.18041280665462,30
Cardiff,2020-07-21,366903,6,2309,13,1.63530960499096,3.54317081081376,30
Cardiff,2020-07-22,366903,2,2311,12,0.545103201663655,3.27061920998193,30
Cardiff,2020-07-23,366903,2,2313,13,0.545103201663655,3.54317081081376,30
Cardiff,2020-07-24,366903,3,2316,15,0.817654802495482,4.08827401247741,30
Cardiff,2020-07-25,366903,0,2316,15,0,4.08827401247741,30
Cardiff,2020-07-26,366903,0,2316,15,0,4.08827401247741,30
Cardiff,2020-07-27,366903,0,2316,13,0,3.54317081081376,31
Cardiff,2020-07-28,366903,0,2316,7,0,1.90786120582279,31
Cardiff,2020-07-29,366903,1,2317,6,0.272551600831828,1.63530960499096,31
Cardiff,2020-07-30,366903,1,2318,5,0.272551600831828,1.36275800415914,31
Cardiff,2020-07-31,366903,2,2320,4,0.545103201663655,1.09020640332731,31
Cardiff,2020-08-01,366903,2,2322,6,0.545103201663655,1.63530960499096,31
Cardiff,2020-08-02,366903,0,2322,6,0,1.63530960499096,31
Cardiff,2020-08-03,366903,2,2324,8,0.545103201663655,2.18041280665462,32
Cardiff,2020-08-04,366903,9,2333,17,2.45296440748645,4.63337721414107,32
Cardiff,2020-08-05,366903,1,2334,17,0.272551600831828,4.63337721414107,32
Cardiff,2020-08-06,366903,1,2335,17,0.272551600831828,4.63337721414107,32
Cardiff,2020-08-07,366903,1,2336,16,0.272551600831828,4.36082561330924,32
Cardiff,2020-08-08,366903,0,2336,14,0,3.81572241164559,32
Cardiff,2020-08-09,366903,0,2336,14,0,3.81572241164559,32
Cardiff,2020-08-10,366903,1,2337,13,0.272551600831828,3.54317081081376,33
Cardiff,2020-08-11,366903,5,2342,9,1.36275800415914,2.45296440748645,33
Cardiff,2020-08-12,366903,3,2345,11,0.817654802495482,2.9980676091501,33
Cardiff,2020-08-13,366903,4,2349,14,1.09020640332731,3.81572241164559,33
Cardiff,2020-08-14,366903,2,2351,15,0.545103201663655,4.08827401247741,33
Cardiff,2020-08-15,366903,1,2352,16,0.272551600831828,4.36082561330924,33
Cardiff,2020-08-16,366903,7,2359,23,1.90786120582279,6.26868681913203,33
Cardiff,2020-08-17,366903,3,2362,25,0.817654802495482,6.81379002079569,34
Cardiff,2020-08-18,366903,13,2375,33,3.54317081081376,8.99420282745031,34
Cardiff,2020-08-19,366903,12,2387,42,3.27061920998193,11.4471672349368,34
Cardiff,2020-08-20,366903,13,2400,51,3.54317081081376,13.9001316424232,34
Cardiff,2020-08-21,366903,8,2408,57,2.18041280665462,15.5354412474142,34
Cardiff,2020-08-22,366903,8,2416,64,2.18041280665462,17.443302453237,34
Cardiff,2020-08-23,366903,5,2421,62,1.36275800415914,16.8981992515733,34
Cardiff,2020-08-24,366903,13,2434,72,3.54317081081376,19.6237152598916,35
Cardiff,2020-08-25,366903,9,2443,68,2.45296440748645,18.5335088565643,35
Cardiff,2020-08-26,366903,7,2450,63,1.90786120582279,17.1707508524051,35
Cardiff,2020-08-27,366903,10,2460,60,2.72551600831828,16.3530960499097,35
Cardiff,2020-08-28,366903,9,2469,61,2.45296440748645,16.6256476507415,35
Cardiff,2020-08-29,366903,17,2486,70,4.63337721414107,19.0786120582279,35
Cardiff,2020-08-30,366903,16,2502,81,4.36082561330924,22.076679667378,35
Cardiff,2020-08-31,366903,7,2509,75,1.90786120582279,20.4413700623871,36
Cardiff,2020-09-01,366903,8,2517,74,2.18041280665462,20.1688184615552,36
Cardiff,2020-09-02,366903,8,2525,75,2.18041280665462,20.4413700623871,36
Cardiff,2020-09-03,366903,15,2540,80,4.08827401247741,21.8041280665462,36
Cardiff,2020-09-04,366903,8,2548,79,2.18041280665462,21.5315764657144,36
Cardiff,2020-09-05,366903,19,2567,81,5.17848041580472,22.076679667378,36
Cardiff,2020-09-06,366903,16,2583,81,4.36082561330924,22.076679667378,36
Cardiff,2020-09-07,366903,5,2588,79,1.36275800415914,21.5315764657144,37
Cardiff,2020-09-08,366903,5,2593,76,1.36275800415914,20.7139216632189,37
Cardiff,2020-09-09,366903,9,2602,77,2.45296440748645,20.9864732640507,37
Cardiff,2020-09-10,366903,9,2611,71,2.45296440748645,19.3511636590598,37
Cardiff,2020-09-11,366903,2,2613,65,0.545103201663655,17.7158540540688,37
Cardiff,2020-09-12,366903,0,2613,46,0,12.5373736382641,37
Manchester,2020-03-03,552858,1,1,,0.180878272540146,,10
Manchester,2020-03-04,552858,1,2,,0.180878272540146,,10
Manchester,2020-03-05,552858,2,4,,0.361756545080292,,10
Manchester,2020-03-06,552858,0,4,,0,,10
Manchester,2020-03-07,552858,0,4,,0,,10
Manchester,2020-03-08,552858,0,4,,0,,10
Manchester,2020-03-09,552858,2,6,6,0.361756545080292,1.08526963524088,11
Manchester,2020-03-10,552858,1,7,6,0.180878272540146,1.08526963524088,11
Manchester,2020-03-11,552858,1,8,6,0.180878272540146,1.08526963524088,11
Manchester,2020-03-12,552858,0,8,4,0,0.723513090160584,11
Manchester,2020-03-13,552858,7,15,11,1.26614790778102,1.98966099794161,11
Manchester,2020-03-14,552858,0,15,11,0,1.98966099794161,11
Manchester,2020-03-15,552858,3,18,14,0.542634817620438,2.53229581556204,11
Manchester,2020-03-16,552858,6,24,18,1.08526963524088,3.25580890572263,12
Manchester,2020-03-17,552858,4,28,21,0.723513090160584,3.79844372334307,12
Manchester,2020-03-18,552858,3,31,23,0.542634817620438,4.16020026842336,12
Manchester,2020-03-19,552858,4,35,27,0.723513090160584,4.88371335858394,12
Manchester,2020-03-20,552858,4,39,24,0.723513090160584,4.3410785409635,12
Manchester,2020-03-21,552858,3,42,27,0.542634817620438,4.88371335858394,12
Manchester,2020-03-22,552858,4,46,28,0.723513090160584,5.06459163112409,12
Manchester,2020-03-23,552858,12,58,34,2.17053927048175,6.14986126636496,13
Manchester,2020-03-24,552858,9,67,39,1.62790445286131,7.05425262906569,13
Manchester,2020-03-25,552858,14,81,50,2.53229581556204,9.0439136270073,13
Manchester,2020-03-26,552858,22,103,68,3.97932199588321,12.2997225327299,13
Manchester,2020-03-27,552858,14,117,78,2.53229581556204,14.1085052581314,13
Manchester,2020-03-28,552858,31,148,106,5.60722644874452,19.1730968892555,13
Manchester,2020-03-29,552858,23,171,125,4.16020026842336,22.6097840675182,13
Manchester,2020-03-30,552858,24,195,137,4.3410785409635,24.780323338,14
Manchester,2020-03-31,552858,33,228,161,5.96898299382482,29.1214018789635,14
Manchester,2020-04-01,552858,28,256,175,5.06459163112409,31.6536976945255,14
Manchester,2020-04-02,552858,34,290,187,6.14986126636496,33.8242369650073,14
Manchester,2020-04-03,552858,30,320,203,5.42634817620438,36.7182893256496,14
Manchester,2020-04-04,552858,40,360,212,7.23513090160584,38.3461937785109,14
Manchester,2020-04-05,552858,36,396,225,6.51161781144525,40.6976113215328,14
Manchester,2020-04-06,552858,73,469,274,13.2041138954307,49.560646676,15
Manchester,2020-04-07,552858,59,528,300,10.6718180798686,54.2634817620438,15
Manchester,2020-04-08,552858,53,581,325,9.58654844462773,58.7854385755474,15
Manchester,2020-04-09,552858,63,644,354,11.3953311700292,64.0309084792117,15
Manchester,2020-04-10,552858,37,681,361,6.6924960839854,65.2970563869927,15
Manchester,2020-04-11,552858,44,725,365,7.95864399176642,66.0205694771533,15
Manchester,2020-04-12,552858,37,762,366,6.6924960839854,66.2014477496934,15
Manchester,2020-04-13,552858,40,802,333,7.23513090160584,60.2324647558686,16
Manchester,2020-04-14,552858,50,852,324,9.0439136270073,58.6045603030073,16
Manchester,2020-04-15,552858,39,891,310,7.05425262906569,56.0722644874452,16
Manchester,2020-04-16,552858,35,926,282,6.33073953890511,51.0076728563212,16
Manchester,2020-04-17,552858,15,941,260,2.71317408810219,47.0283508604379,16
Manchester,2020-04-18,552858,55,996,271,9.94830498970803,49.0180118583796,16
Manchester,2020-04-19,552858,35,1031,269,6.33073953890511,48.6562553132993,16
Manchester,2020-04-20,552858,43,1074,272,7.77776571922628,49.1988901309197,17
Manchester,2020-04-21,552858,39,1113,261,7.05425262906569,47.2092291329781,17
Manchester,2020-04-22,552858,56,1169,278,10.1291832622482,50.2841597661606,17
Manchester,2020-04-23,552858,50,1219,293,9.0439136270073,52.9973338542628,17
Manchester,2020-04-24,552858,53,1272,331,9.58654844462773,59.8707082107883,17
Manchester,2020-04-25,552858,35,1307,311,6.33073953890511,56.2531427599854,17
Manchester,2020-04-26,552858,26,1333,302,4.7028350860438,54.6252383071241,17
Manchester,2020-04-27,552858,23,1356,282,4.16020026842336,51.0076728563212,18
Manchester,2020-04-28,552858,34,1390,277,6.14986126636496,50.1032814936204,18
Manchester,2020-04-29,552858,50,1440,271,9.0439136270073,49.0180118583796,18
Manchester,2020-04-30,552858,34,1474,255,6.14986126636496,46.1239594977372,18
Manchester,2020-05-01,552858,38,1512,240,6.87337435652555,43.410785409635,18
Manchester,2020-05-02,552858,23,1535,228,4.16020026842336,41.2402461391533,18
Manchester,2020-05-03,552858,29,1564,231,5.24546990366423,41.7828809567737,18
Manchester,2020-05-04,552858,22,1586,230,3.97932199588321,41.6020026842336,19
Manchester,2020-05-05,552858,45,1631,241,8.13952226430657,43.5916636821752,19
Manchester,2020-05-06,552858,47,1678,238,8.50127880938686,43.0490288645547,19
Manchester,2020-05-07,552858,39,1717,243,7.05425262906569,43.9534202272555,19
Manchester,2020-05-08,552858,27,1744,232,4.88371335858394,41.9637592293139,19
Manchester,2020-05-09,552858,25,1769,234,4.52195681350365,42.3255157743942,19
Manchester,2020-05-10,552858,30,1799,235,5.42634817620438,42.5063940469343,19
Manchester,2020-05-11,552858,34,1833,247,6.14986126636496,44.6769333174161,20
Manchester,2020-05-12,552858,35,1868,237,6.33073953890511,42.8681505920146,20
Manchester,2020-05-13,552858,36,1904,226,6.51161781144525,40.878489594073,20
Manchester,2020-05-14,552858,24,1928,211,4.3410785409635,38.1653155059708,20
Manchester,2020-05-15,552858,25,1953,209,4.52195681350365,37.8035589608905,20
Manchester,2020-05-16,552858,38,1991,222,6.87337435652555,40.1549765039124,20
Manchester,2020-05-17,552858,27,2018,219,4.88371335858394,39.612341686292,20
Manchester,2020-05-18,552858,36,2054,221,6.51161781144525,39.9740982313723,21
Manchester,2020-05-19,552858,46,2100,232,8.32040053684671,41.9637592293139,21
Manchester,2020-05-20,552858,32,2132,228,5.78810472128467,41.2402461391533,21
Manchester,2020-05-21,552858,24,2156,228,4.3410785409635,41.2402461391533,21
Manchester,2020-05-22,552858,26,2182,229,4.7028350860438,41.4211244116934,21
Manchester,2020-05-23,552858,17,2199,208,3.07493063318248,37.6226806883504,21
Manchester,2020-05-24,552858,16,2215,197,2.89405236064234,35.6330196904087,21
Manchester,2020-05-25,552858,24,2239,185,4.3410785409635,33.462480419927,22
Manchester,2020-05-26,552858,23,2262,162,4.16020026842336,29.3022801515036,22
Manchester,2020-05-27,552858,10,2272,140,1.80878272540146,25.3229581556204,22
Manchester,2020-05-28,552858,33,2305,149,5.96898299382482,26.9508626084818,22
Manchester,2020-05-29,552858,20,2325,143,3.61756545080292,25.8655929732409,22
Manchester,2020-05-30,552858,24,2349,150,4.3410785409635,27.1317408810219,22
Manchester,2020-05-31,552858,20,2369,154,3.61756545080292,27.8552539711825,22
Manchester,2020-06-01,552858,19,2388,149,3.43668717826277,26.9508626084818,23
Manchester,2020-06-02,552858,25,2413,151,4.52195681350365,27.312619153562,23
Manchester,2020-06-03,552858,18,2431,159,3.25580890572263,28.7596453338832,23
Manchester,2020-06-04,552858,17,2448,143,3.07493063318248,25.8655929732409,23
Manchester,2020-06-05,552858,22,2470,145,3.97932199588321,26.2273495183212,23
Manchester,2020-06-06,552858,9,2479,130,1.62790445286131,23.514175430219,23
Manchester,2020-06-07,552858,8,2487,118,1.44702618032117,21.3436361597372,23
Manchester,2020-06-08,552858,18,2505,117,3.25580890572263,21.1627578871971,24
Manchester,2020-06-09,552858,16,2521,108,2.89405236064234,19.5348534343358,24
Manchester,2020-06-10,552858,14,2535,104,2.53229581556204,18.8113403441752,24
Manchester,2020-06-11,552858,20,2555,107,3.61756545080292,19.3539751617956,24
Manchester,2020-06-12,552858,14,2569,99,2.53229581556204,17.9069489814744,24
Manchester,2020-06-13,552858,14,2583,104,2.53229581556204,18.8113403441752,24
Manchester,2020-06-14,552858,19,2602,115,3.43668717826277,20.8010013421168,24
Manchester,2020-06-15,552858,16,2618,113,2.89405236064234,20.4392447970365,25
Manchester,2020-06-16,552858,19,2637,116,3.43668717826277,20.9818796146569,25
Manchester,2020-06-17,552858,19,2656,121,3.43668717826277,21.8862709773577,25
Manchester,2020-06-18,552858,26,2682,127,4.7028350860438,22.9715406125985,25
Manchester,2020-06-19,552858,16,2698,129,2.89405236064234,23.3332971576788,25
Manchester,2020-06-20,552858,15,2713,130,2.71317408810219,23.514175430219,25
Manchester,2020-06-21,552858,6,2719,117,1.08526963524088,21.1627578871971,25
Manchester,2020-06-22,552858,17,2736,118,3.07493063318248,21.3436361597372,26
Manchester,2020-06-23,552858,13,2749,112,2.3514175430219,20.2583665244963,26
Manchester,2020-06-24,552858,20,2769,113,3.61756545080292,20.4392447970365,26
Manchester,2020-06-25,552858,14,2783,101,2.53229581556204,18.2687055265547,26
Manchester,2020-06-26,552858,11,2794,96,1.98966099794161,17.364314163854,26
Manchester,2020-06-27,552858,18,2812,99,3.25580890572263,17.9069489814744,26
Manchester,2020-06-28,552858,9,2821,102,1.62790445286131,18.4495837990949,26
Manchester,2020-06-29,552858,10,2831,95,1.80878272540146,17.1834358913139,27
Manchester,2020-06-30,552858,7,2838,89,1.26614790778102,16.098166256073,27
Manchester,2020-07-01,552858,14,2852,83,2.53229581556204,15.0128966208321,27
Manchester,2020-07-02,552858,16,2868,85,2.89405236064234,15.3746531659124,27
Manchester,2020-07-03,552858,14,2882,88,2.53229581556204,15.9172879835328,27
Manchester,2020-07-04,552858,12,2894,82,2.17053927048175,14.832018348292,27
Manchester,2020-07-05,552858,6,2900,79,1.08526963524088,14.2893835306715,27
Manchester,2020-07-06,552858,13,2913,82,2.3514175430219,14.832018348292,28
Manchester,2020-07-07,552858,8,2921,83,1.44702618032117,15.0128966208321,28
Manchester,2020-07-08,552858,17,2938,86,3.07493063318248,15.5555314384526,28
Manchester,2020-07-09,552858,7,2945,77,1.26614790778102,13.9276269855912,28
Manchester,2020-07-10,552858,15,2960,78,2.71317408810219,14.1085052581314,28
Manchester,2020-07-11,552858,8,2968,74,1.44702618032117,13.3849921679708,28
Manchester,2020-07-12,552858,8,2976,76,1.44702618032117,13.7467487130511,28
Manchester,2020-07-13,552858,16,2992,79,2.89405236064234,14.2893835306715,29
Manchester,2020-07-14,552858,9,3001,80,1.62790445286131,14.4702618032117,29
Manchester,2020-07-15,552858,15,3016,78,2.71317408810219,14.1085052581314,29
Manchester,2020-07-16,552858,11,3027,82,1.98966099794161,14.832018348292,29
Manchester,2020-07-17,552858,6,3033,73,1.08526963524088,13.2041138954307,29
Manchester,2020-07-18,552858,9,3042,74,1.62790445286131,13.3849921679708,29
Manchester,2020-07-19,552858,14,3056,80,2.53229581556204,14.4702618032117,29
Manchester,2020-07-20,552858,16,3072,80,2.89405236064234,14.4702618032117,30
Manchester,2020-07-21,552858,14,3086,85,2.53229581556204,15.3746531659124,30
Manchester,2020-07-22,552858,18,3104,88,3.25580890572263,15.9172879835328,30
Manchester,2020-07-23,552858,26,3130,103,4.7028350860438,18.630462071635,30
Manchester,2020-07-24,552858,22,3152,119,3.97932199588321,21.5245144322774,30
Manchester,2020-07-25,552858,26,3178,136,4.7028350860438,24.5994450654599,30
Manchester,2020-07-26,552858,17,3195,139,3.07493063318248,25.1420798830803,30
Manchester,2020-07-27,552858,32,3227,155,5.78810472128467,28.0361322437226,31
Manchester,2020-07-28,552858,35,3262,176,6.33073953890511,31.8345759670657,31
Manchester,2020-07-29,552858,39,3301,197,7.05425262906569,35.6330196904087,31
Manchester,2020-07-30,552858,29,3330,200,5.24546990366423,36.1756545080292,31
Manchester,2020-07-31,552858,21,3351,199,3.79844372334307,35.994776235489,31
Manchester,2020-08-01,552858,18,3369,191,3.25580890572263,34.5477500551679,31
Manchester,2020-08-02,552858,18,3387,192,3.25580890572263,34.728628327708,31
Manchester,2020-08-03,552858,36,3423,196,6.51161781144525,35.4521414178686,32
Manchester,2020-08-04,552858,33,3456,194,5.96898299382482,35.0903848727883,32
Manchester,2020-08-05,552858,36,3492,191,6.51161781144525,34.5477500551679,32
Manchester,2020-08-06,552858,28,3520,190,5.06459163112409,34.3668717826277,32
Manchester,2020-08-07,552858,22,3542,191,3.97932199588321,34.5477500551679,32
Manchester,2020-08-08,552858,33,3575,206,5.96898299382482,37.2609241432701,32
Manchester,2020-08-09,552858,21,3596,209,3.79844372334307,37.8035589608905,32
Manchester,2020-08-10,552858,40,3636,213,7.23513090160584,38.5270720510511,33
Manchester,2020-08-11,552858,51,3687,231,9.22479189954744,41.7828809567737,33
Manchester,2020-08-12,552858,49,3736,244,8.86303535446715,44.1342984997956,33
Manchester,2020-08-13,552858,43,3779,259,7.77776571922628,46.8474725878978,33
Manchester,2020-08-14,552858,33,3812,270,5.96898299382482,48.8371335858394,33
Manchester,2020-08-15,552858,32,3844,269,5.78810472128467,48.6562553132993,33
Manchester,2020-08-16,552858,25,3869,273,4.52195681350365,49.3797684034599,33
Manchester,2020-08-17,552858,41,3910,274,7.41600917414598,49.560646676,34
Manchester,2020-08-18,552858,32,3942,255,5.78810472128467,46.1239594977372,34
Manchester,2020-08-19,552858,40,3982,246,7.23513090160584,44.4960550448759,34
Manchester,2020-08-20,552858,44,4026,247,7.95864399176642,44.6769333174161,34
Manchester,2020-08-21,552858,40,4066,254,7.23513090160584,45.9430812251971,34
Manchester,2020-08-22,552858,32,4098,254,5.78810472128467,45.9430812251971,34
Manchester,2020-08-23,552858,11,4109,240,1.98966099794161,43.410785409635,34
Manchester,2020-08-24,552858,33,4142,232,5.96898299382482,41.9637592293139,35
Manchester,2020-08-25,552858,32,4174,232,5.78810472128467,41.9637592293139,35
Manchester,2020-08-26,552858,34,4208,226,6.14986126636496,40.878489594073,35
Manchester,2020-08-27,552858,38,4246,220,6.87337435652555,39.7932199588321,35
Manchester,2020-08-28,552858,47,4293,227,8.50127880938686,41.0593678666131,35
Manchester,2020-08-29,552858,34,4327,229,6.14986126636496,41.4211244116934,35
Manchester,2020-08-30,552858,24,4351,242,4.3410785409635,43.7725419547153,35
Manchester,2020-08-31,552858,26,4377,235,4.7028350860438,42.5063940469343,36
Manchester,2020-09-01,552858,51,4428,254,9.22479189954744,45.9430812251971,36
Manchester,2020-09-02,552858,60,4488,280,10.8526963524088,50.6459163112409,36
Manchester,2020-09-03,552858,58,4546,300,10.4909398073285,54.2634817620438,36
Manchester,2020-09-04,552858,80,4626,333,14.4702618032117,60.2324647558686,36
Manchester,2020-09-05,552858,66,4692,365,11.9379659876496,66.0205694771533,36
Manchester,2020-09-06,552858,36,4728,377,6.51161781144525,68.191108747635,36
Manchester,2020-09-07,552858,78,4806,429,14.1085052581314,77.5967789197226,37
Manchester,2020-09-08,552858,67,4873,445,12.1188442601898,80.490831280365,37
Manchester,2020-09-09,552858,53,4926,438,9.58654844462773,79.2246833725839,37
Manchester,2020-09-10,552858,48,4974,428,8.68215708192701,77.4159006471825,37
Manchester,2020-09-11,552858,9,4983,357,1.62790445286131,64.5735432968321,37
Manchester,2020-09-12,552858,0,4983,291,0,52.6355773091825,37
Wrexham,2020-02-03,135957,0,0,,0,,6
Wrexham,2020-02-04,135957,0,0,,0,,6
Wrexham,2020-02-05,135957,0,0,,0,,6
Wrexham,2020-02-06,135957,0,0,,0,,6
Wrexham,2020-02-07,135957,0,0,,0,,6
Wrexham,2020-02-08,135957,0,0,,0,,6
Wrexham,2020-02-09,135957,0,0,0,0,0,6
Wrexham,2020-02-10,135957,0,0,0,0,0,7
Wrexham,2020-02-11,135957,0,0,0,0,0,7
Wrexham,2020-02-12,135957,0,0,0,0,0,7
Wrexham,2020-02-13,135957,0,0,0,0,0,7
Wrexham,2020-02-14,135957,0,0,0,0,0,7
Wrexham,2020-02-15,135957,0,0,0,0,0,7
Wrexham,2020-02-16,135957,0,0,0,0,0,7
Wrexham,2020-02-17,135957,0,0,0,0,0,8
Wrexham,2020-02-18,135957,0,0,0,0,0,8
Wrexham,2020-02-19,135957,0,0,0,0,0,8
Wrexham,2020-02-20,135957,0,0,0,0,0,8
Wrexham,2020-02-21,135957,0,0,0,0,0,8
Wrexham,2020-02-22,135957,0,0,0,0,0,8
Wrexham,2020-02-23,135957,0,0,0,0,0,8
Wrexham,2020-02-24,135957,0,0,0,0,0,9
Wrexham,2020-02-25,135957,0,0,0,0,0,9
Wrexham,2020-02-26,135957,0,0,0,0,0,9
Wrexham,2020-02-27,135957,0,0,0,0,0,9
Wrexham,2020-02-28,135957,0,0,0,0,0,9
Wrexham,2020-02-29,135957,0,0,0,0,0,9
Wrexham,2020-03-01,135957,0,0,0,0,0,9
Wrexham,2020-03-02,135957,0,0,0,0,0,10
Wrexham,2020-03-03,135957,0,0,0,0,0,10
Wrexham,2020-03-04,135957,0,0,0,0,0,10
Wrexham,2020-03-05,135957,0,0,0,0,0,10
Wrexham,2020-03-06,135957,0,0,0,0,0,10
Wrexham,2020-03-07,135957,0,0,0,0,0,10
Wrexham,2020-03-08,135957,0,0,0,0,0,10
Wrexham,2020-03-09,135957,0,0,0,0,0,11
Wrexham,2020-03-10,135957,0,0,0,0,0,11
Wrexham,2020-03-11,135957,1,1,1,0.735526673874828,0.735526673874828,11
Wrexham,2020-03-12,135957,0,1,1,0,0.735526673874828,11
Wrexham,2020-03-13,135957,0,1,1,0,0.735526673874828,11
Wrexham,2020-03-14,135957,1,2,2,0.735526673874828,1.47105334774966,11
Wrexham,2020-03-15,135957,0,2,2,0,1.47105334774966,11
Wrexham,2020-03-16,135957,0,2,2,0,1.47105334774966,12
Wrexham,2020-03-17,135957,0,2,2,0,1.47105334774966,12
Wrexham,2020-03-18,135957,0,2,1,0,0.735526673874828,12
Wrexham,2020-03-19,135957,1,3,2,0.735526673874828,1.47105334774966,12
Wrexham,2020-03-20,135957,1,4,3,0.735526673874828,2.20658002162448,12
Wrexham,2020-03-21,135957,1,5,3,0.735526673874828,2.20658002162448,12
Wrexham,2020-03-22,135957,2,7,5,1.47105334774966,3.67763336937414,12
Wrexham,2020-03-23,135957,0,7,5,0,3.67763336937414,13
Wrexham,2020-03-24,135957,5,12,10,3.67763336937414,7.35526673874828,13
Wrexham,2020-03-25,135957,5,17,15,3.67763336937414,11.0329001081224,13
Wrexham,2020-03-26,135957,3,20,17,2.20658002162448,12.5039534558721,13
Wrexham,2020-03-27,135957,1,21,17,0.735526673874828,12.5039534558721,13
Wrexham,2020-03-28,135957,3,24,19,2.20658002162448,13.9750068036217,13
Wrexham,2020-03-29,135957,1,25,18,0.735526673874828,13.2394801297469,13
Wrexham,2020-03-30,135957,3,28,21,2.20658002162448,15.4460601513714,14
Wrexham,2020-03-31,135957,5,33,21,3.67763336937414,15.4460601513714,14
Wrexham,2020-04-01,135957,9,42,25,6.61974006487345,18.3881668468707,14
Wrexham,2020-04-02,135957,6,48,28,4.41316004324897,20.5947468684952,14
Wrexham,2020-04-03,135957,3,51,30,2.20658002162448,22.0658002162448,14
Wrexham,2020-04-04,135957,6,57,33,4.41316004324897,24.2723802378693,14
Wrexham,2020-04-05,135957,4,61,36,2.94210669549931,26.4789602594938,14
Wrexham,2020-04-06,135957,3,64,36,2.20658002162448,26.4789602594938,15
Wrexham,2020-04-07,135957,10,74,41,7.35526673874828,30.156593628868,15
Wrexham,2020-04-08,135957,8,82,40,5.88421339099863,29.4210669549931,15
Wrexham,2020-04-09,135957,9,91,43,6.61974006487345,31.6276469766176,15
Wrexham,2020-04-10,135957,9,100,49,6.61974006487345,36.0408070198666,15
Wrexham,2020-04-11,135957,5,105,48,3.67763336937414,35.3052803459918,15
Wrexham,2020-04-12,135957,7,112,51,5.1486867171238,37.5118603676162,15
Wrexham,2020-04-13,135957,6,118,54,4.41316004324897,39.7184403892407,16
Wrexham,2020-04-14,135957,13,131,57,9.56184676037276,41.9250204108652,16
Wrexham,2020-04-15,135957,14,145,63,10.2973734342476,46.3381804541142,16
Wrexham,2020-04-16,135957,19,164,73,13.9750068036217,53.6934471928625,16
Wrexham,2020-04-17,135957,13,177,77,9.56184676037276,56.6355538883618,16
Wrexham,2020-04-18,135957,5,182,77,3.67763336937414,56.6355538883618,16
Wrexham,2020-04-19,135957,6,188,76,4.41316004324897,55.9000272144869,16
Wrexham,2020-04-20,135957,10,198,80,7.35526673874828,58.8421339099863,17
Wrexham,2020-04-21,135957,9,207,76,6.61974006487345,55.9000272144869,17
Wrexham,2020-04-22,135957,9,216,71,6.61974006487345,52.2223938451128,17
Wrexham,2020-04-23,135957,7,223,59,5.1486867171238,43.3960737586149,17
Wrexham,2020-04-24,135957,10,233,56,7.35526673874828,41.1894937369904,17
Wrexham,2020-04-25,135957,1,234,52,0.735526673874828,38.2473870414911,17
Wrexham,2020-04-26,135957,2,236,48,1.47105334774966,35.3052803459918,17
Wrexham,2020-04-27,135957,16,252,54,11.7684267819973,39.7184403892407,18
Wrexham,2020-04-28,135957,4,256,49,2.94210669549931,36.0408070198666,18
Wrexham,2020-04-29,135957,9,265,49,6.61974006487345,36.0408070198666,18
Wrexham,2020-04-30,135957,20,285,62,14.7105334774966,45.6026537802393,18
Wrexham,2020-05-01,135957,10,295,62,7.35526673874828,45.6026537802393,18
Wrexham,2020-05-02,135957,12,307,73,8.82632008649794,53.6934471928625,18
Wrexham,2020-05-03,135957,32,339,103,23.5368535639945,75.7592474091073,18
Wrexham,2020-05-04,135957,11,350,98,8.09079341262311,72.0816140397332,19
Wrexham,2020-05-05,135957,7,357,101,5.1486867171238,74.2881940613576,19
Wrexham,2020-05-06,135957,10,367,102,7.35526673874828,75.0237207352325,19
Wrexham,2020-05-07,135957,11,378,93,8.09079341262311,68.403980670359,19
Wrexham,2020-05-08,135957,4,382,87,2.94210669549931,63.9908206271101,19
Wrexham,2020-05-09,135957,11,393,86,8.09079341262311,63.2552939532352,19
Wrexham,2020-05-10,135957,14,407,68,10.2973734342476,50.0158138234883,19
Wrexham,2020-05-11,135957,19,426,76,13.9750068036217,55.9000272144869,20
Wrexham,2020-05-12,135957,12,438,81,8.82632008649794,59.5776605838611,20
Wrexham,2020-05-13,135957,10,448,81,7.35526673874828,59.5776605838611,20
Wrexham,2020-05-14,135957,10,458,80,7.35526673874828,58.8421339099863,20
Wrexham,2020-05-15,135957,20,478,96,14.7105334774966,70.6105606919835,20
Wrexham,2020-05-16,135957,10,488,95,7.35526673874828,69.8750340181087,20
Wrexham,2020-05-17,135957,5,493,86,3.67763336937414,63.2552939532352,20
Wrexham,2020-05-18,135957,15,508,82,11.0329001081224,60.3131872577359,21
Wrexham,2020-05-19,135957,34,542,104,25.0079069117442,76.4947740829821,21
Wrexham,2020-05-20,135957,11,553,105,8.09079341262311,77.230300756857,21
Wrexham,2020-05-21,135957,13,566,108,9.56184676037276,79.4368807784814,21
Wrexham,2020-05-22,135957,16,582,104,11.7684267819973,76.4947740829821,21
Wrexham,2020-05-23,135957,11,593,105,8.09079341262311,77.230300756857,21
Wrexham,2020-05-24,135957,21,614,121,15.4460601513714,88.9987275388542,21
Wrexham,2020-05-25,135957,11,625,117,8.09079341262311,86.0566208433549,22
Wrexham,2020-05-26,135957,13,638,96,9.56184676037276,70.6105606919835,22
Wrexham,2020-05-27,135957,13,651,98,9.56184676037276,72.0816140397332,22
Wrexham,2020-05-28,135957,9,660,94,6.61974006487345,69.1395073442338,22
Wrexham,2020-05-29,135957,15,675,93,11.0329001081224,68.403980670359,22
Wrexham,2020-05-30,135957,8,683,90,5.88421339099863,66.1974006487345,22
Wrexham,2020-05-31,135957,3,686,72,2.20658002162448,52.9579205189876,22
Wrexham,2020-06-01,135957,6,692,67,4.41316004324897,49.2802871496135,23
Wrexham,2020-06-02,135957,7,699,61,5.1486867171238,44.8671271063645,23
Wrexham,2020-06-03,135957,7,706,55,5.1486867171238,40.4539670631156,23
Wrexham,2020-06-04,135957,8,714,54,5.88421339099863,39.7184403892407,23
Wrexham,2020-06-05,135957,7,721,46,5.1486867171238,33.8342269982421,23
Wrexham,2020-06-06,135957,3,724,41,2.20658002162448,30.156593628868,23
Wrexham,2020-06-07,135957,3,727,41,2.20658002162448,30.156593628868,23
Wrexham,2020-06-08,135957,7,734,42,5.1486867171238,30.8921203027428,24
Wrexham,2020-06-09,135957,10,744,45,7.35526673874828,33.0987003243673,24
Wrexham,2020-06-10,135957,8,752,46,5.88421339099863,33.8342269982421,24
Wrexham,2020-06-11,135957,18,770,56,13.2394801297469,41.1894937369904,24
Wrexham,2020-06-12,135957,14,784,63,10.2973734342476,46.3381804541142,24
Wrexham,2020-06-13,135957,6,790,66,4.41316004324897,48.5447604757387,24
Wrexham,2020-06-14,135957,12,802,75,8.82632008649794,55.1645005406121,24
Wrexham,2020-06-15,135957,12,814,80,8.82632008649794,58.8421339099863,25
Wrexham,2020-06-16,135957,27,841,97,19.8592201946204,71.3460873658583,25
Wrexham,2020-06-17,135957,12,853,101,8.82632008649794,74.2881940613576,25
Wrexham,2020-06-18,135957,11,864,94,8.09079341262311,69.1395073442338,25
Wrexham,2020-06-19,135957,9,873,89,6.61974006487345,65.4618739748597,25
Wrexham,2020-06-20,135957,15,888,98,11.0329001081224,72.0816140397332,25
Wrexham,2020-06-21,135957,52,940,138,38.2473870414911,101.502680994726,25
Wrexham,2020-06-22,135957,26,966,152,19.1236935207455,111.800054428974,26
Wrexham,2020-06-23,135957,68,1034,193,50.0158138234883,141.956648057842,26
Wrexham,2020-06-24,135957,12,1046,193,8.82632008649794,141.956648057842,26
Wrexham,2020-06-25,135957,33,1079,215,24.2723802378693,158.138234883088,26
Wrexham,2020-06-26,135957,4,1083,210,2.94210669549931,154.460601513714,26
Wrexham,2020-06-27,135957,8,1091,203,5.88421339099863,149.31191479659,26
Wrexham,2020-06-28,135957,8,1099,159,5.88421339099863,116.948741146098,26
Wrexham,2020-06-29,135957,14,1113,147,10.2973734342476,108.1224210596,27
Wrexham,2020-06-30,135957,13,1126,92,9.56184676037276,67.6684539964842,27
Wrexham,2020-07-01,135957,10,1136,90,7.35526673874828,66.1974006487345,27
Wrexham,2020-07-02,135957,9,1145,66,6.61974006487345,48.5447604757387,27
Wrexham,2020-07-03,135957,3,1148,65,2.20658002162448,47.8092338018638,27
Wrexham,2020-07-04,135957,0,1148,57,0,41.9250204108652,27
Wrexham,2020-07-05,135957,3,1151,52,2.20658002162448,38.2473870414911,27
Wrexham,2020-07-06,135957,10,1161,48,7.35526673874828,35.3052803459918,28
Wrexham,2020-07-07,135957,4,1165,39,2.94210669549931,28.6855402811183,28
Wrexham,2020-07-08,135957,6,1171,35,4.41316004324897,25.743433585619,28
Wrexham,2020-07-09,135957,7,1178,33,5.1486867171238,24.2723802378693,28
Wrexham,2020-07-10,135957,5,1183,35,3.67763336937414,25.743433585619,28
Wrexham,2020-07-11,135957,1,1184,36,0.735526673874828,26.4789602594938,28
Wrexham,2020-07-12,135957,0,1184,33,0,24.2723802378693,28
Wrexham,2020-07-13,135957,7,1191,30,5.1486867171238,22.0658002162448,29
Wrexham,2020-07-14,135957,6,1197,32,4.41316004324897,23.5368535639945,29
Wrexham,2020-07-15,135957,5,1202,31,3.67763336937414,22.8013268901197,29
Wrexham,2020-07-16,135957,4,1206,28,2.94210669549931,20.5947468684952,29
Wrexham,2020-07-17,135957,4,1210,27,2.94210669549931,19.8592201946204,29
Wrexham,2020-07-18,135957,4,1214,30,2.94210669549931,22.0658002162448,29
Wrexham,2020-07-19,135957,3,1217,33,2.20658002162448,24.2723802378693,29
Wrexham,2020-07-20,135957,16,1233,42,11.7684267819973,30.8921203027428,30
Wrexham,2020-07-21,135957,11,1244,47,8.09079341262311,34.5697536721169,30
Wrexham,2020-07-22,135957,6,1250,48,4.41316004324897,35.3052803459918,30
Wrexham,2020-07-23,135957,13,1263,57,9.56184676037276,41.9250204108652,30
Wrexham,2020-07-24,135957,11,1274,64,8.09079341262311,47.073707127989,30
Wrexham,2020-07-25,135957,9,1283,69,6.61974006487345,50.7513404973631,30
Wrexham,2020-07-26,135957,18,1301,84,13.2394801297469,61.7842406054856,30
Wrexham,2020-07-27,135957,8,1309,76,5.88421339099863,55.9000272144869,31
Wrexham,2020-07-28,135957,6,1315,71,4.41316004324897,52.2223938451128,31
Wrexham,2020-07-29,135957,11,1326,76,8.09079341262311,55.9000272144869,31
Wrexham,2020-07-30,135957,2,1328,65,1.47105334774966,47.8092338018638,31
Wrexham,2020-07-31,135957,2,1330,56,1.47105334774966,41.1894937369904,31
Wrexham,2020-08-01,135957,7,1337,54,5.1486867171238,39.7184403892407,31
Wrexham,2020-08-02,135957,2,1339,38,1.47105334774966,27.9500136072435,31
Wrexham,2020-08-03,135957,7,1346,37,5.1486867171238,27.2144869333686,32
Wrexham,2020-08-04,135957,0,1346,31,0,22.8013268901197,32
Wrexham,2020-08-05,135957,5,1351,25,3.67763336937414,18.3881668468707,32
Wrexham,2020-08-06,135957,9,1360,32,6.61974006487345,23.5368535639945,32
Wrexham,2020-08-07,135957,7,1367,37,5.1486867171238,27.2144869333686,32
Wrexham,2020-08-08,135957,2,1369,32,1.47105334774966,23.5368535639945,32
Wrexham,2020-08-09,135957,1,1370,31,0.735526673874828,22.8013268901197,32
Wrexham,2020-08-10,135957,2,1372,26,1.47105334774966,19.1236935207455,33
Wrexham,2020-08-11,135957,3,1375,29,2.20658002162448,21.33027354237,33
Wrexham,2020-08-12,135957,7,1382,31,5.1486867171238,22.8013268901197,33
Wrexham,2020-08-13,135957,3,1385,25,2.20658002162448,18.3881668468707,33
Wrexham,2020-08-14,135957,0,1385,18,0,13.2394801297469,33
Wrexham,2020-08-15,135957,4,1389,20,2.94210669549931,14.7105334774966,33
Wrexham,2020-08-16,135957,2,1391,21,1.47105334774966,15.4460601513714,33
Wrexham,2020-08-17,135957,1,1392,20,0.735526673874828,14.7105334774966,34
Wrexham,2020-08-18,135957,3,1395,20,2.20658002162448,14.7105334774966,34
Wrexham,2020-08-19,135957,1,1396,14,0.735526673874828,10.2973734342476,34
Wrexham,2020-08-20,135957,2,1398,13,1.47105334774966,9.56184676037276,34
Wrexham,2020-08-21,135957,0,1398,13,0,9.56184676037276,34
Wrexham,2020-08-22,135957,2,1400,11,1.47105334774966,8.09079341262311,34
Wrexham,2020-08-23,135957,1,1401,10,0.735526673874828,7.35526673874828,34
Wrexham,2020-08-24,135957,1,1402,10,0.735526673874828,7.35526673874828,35
Wrexham,2020-08-25,135957,3,1405,10,2.20658002162448,7.35526673874828,35
Wrexham,2020-08-26,135957,0,1405,9,0,6.61974006487345,35
Wrexham,2020-08-27,135957,2,1407,9,1.47105334774966,6.61974006487345,35
Wrexham,2020-08-28,135957,0,1407,9,0,6.61974006487345,35
Wrexham,2020-08-29,135957,1,1408,8,0.735526673874828,5.88421339099863,35
Wrexham,2020-08-30,135957,3,1411,10,2.20658002162448,7.35526673874828,35
Wrexham,2020-08-31,135957,1,1412,10,0.735526673874828,7.35526673874828,36
Wrexham,2020-09-01,135957,2,1414,9,1.47105334774966,6.61974006487345,36
Wrexham,2020-09-02,135957,7,1421,16,5.1486867171238,11.7684267819973,36
Wrexham,2020-09-03,135957,1,1422,15,0.735526673874828,11.0329001081224,36
Wrexham,2020-09-04,135957,11,1433,26,8.09079341262311,19.1236935207455,36
Wrexham,2020-09-05,135957,4,1437,29,2.94210669549931,21.33027354237,36
Wrexham,2020-09-06,135957,8,1445,34,5.88421339099863,25.0079069117442,36
Wrexham,2020-09-07,135957,8,1453,41,5.88421339099863,30.156593628868,37
Wrexham,2020-09-08,135957,0,1453,39,0,28.6855402811183,37
Wrexham,2020-09-09,135957,4,1457,36,2.94210669549931,26.4789602594938,37
Wrexham,2020-09-10,135957,1,1458,36,0.735526673874828,26.4789602594938,37
Wrexham,2020-09-11,135957,0,1458,25,0,18.3881668468707,37
Wrexham,2020-09-12,135957,0,1458,21,0,15.4460601513714,37
Liverpool,2020-03-02,498042,1,1,,0.200786279068834,,10
Liverpool,2020-03-03,498042,2,3,,0.401572558137667,,10
Liverpool,2020-03-04,498042,0,3,,0,,10
Liverpool,2020-03-05,498042,0,3,,0,,10
Liverpool,2020-03-06,498042,1,4,,0.200786279068834,,10
Liverpool,2020-03-07,498042,1,5,,0.200786279068834,,10
Liverpool,2020-03-08,498042,0,5,5,0,1.00393139534417,10
Liverpool,2020-03-09,498042,0,5,4,0,0.803145116275334,11
Liverpool,2020-03-10,498042,1,6,3,0.200786279068834,0.602358837206501,11
Liverpool,2020-03-11,498042,0,6,3,0,0.602358837206501,11
Liverpool,2020-03-12,498042,3,9,6,0.602358837206501,1.204717674413,11
Liverpool,2020-03-13,498042,2,11,7,0.401572558137667,1.40550395348183,11
Liverpool,2020-03-14,498042,2,13,8,0.401572558137667,1.60629023255067,11
Liverpool,2020-03-15,498042,0,13,8,0,1.60629023255067,11
Liverpool,2020-03-16,498042,3,16,11,0.602358837206501,2.20864906975717,12
Liverpool,2020-03-17,498042,4,20,14,0.803145116275334,2.81100790696367,12
Liverpool,2020-03-18,498042,9,29,23,1.8070765116195,4.61808441858317,12
Liverpool,2020-03-19,498042,6,35,26,1.204717674413,5.22044325578967,12
Liverpool,2020-03-20,498042,10,45,34,2.00786279068834,6.82673348834034,12
Liverpool,2020-03-21,498042,14,59,46,2.81100790696367,9.23616883716634,12
Liverpool,2020-03-22,498042,13,72,59,2.61022162789484,11.8463904650612,12
Liverpool,2020-03-23,498042,18,90,74,3.614153023239,14.8581846510937,13
Liverpool,2020-03-24,498042,25,115,95,5.01965697672084,19.0746965115392,13
Liverpool,2020-03-25,498042,24,139,110,4.81887069765201,22.0864906975717,13
Liverpool,2020-03-26,498042,34,173,138,6.82673348834034,27.708506511499,13
Liverpool,2020-03-27,498042,27,200,155,5.42122953485851,31.1218732556692,13
Liverpool,2020-03-28,498042,27,227,168,5.42122953485851,33.732094883564,13
Liverpool,2020-03-29,498042,36,263,191,7.22830604647801,38.3501793021472,13
Liverpool,2020-03-30,498042,43,306,216,8.63380999995984,43.3698362788681,14
Liverpool,2020-03-31,498042,41,347,232,8.23223744182218,46.5824167439694,14
Liverpool,2020-04-01,498042,48,395,256,9.63774139530401,51.4012874416214,14
Liverpool,2020-04-02,498042,56,451,278,11.2440316278547,55.8185855811357,14
Liverpool,2020-04-03,498042,59,510,310,11.8463904650612,62.2437465113384,14
Liverpool,2020-04-04,498042,47,557,330,9.43695511623518,66.2594720927151,14
Liverpool,2020-04-05,498042,46,603,340,9.23616883716634,68.2673348834034,14
Liverpool,2020-04-06,498042,51,654,348,10.2401002325105,69.8736251159541,15
Liverpool,2020-04-07,498042,67,721,374,13.4526806976118,75.0940683717438,15
Liverpool,2020-04-08,498042,75,796,401,15.0589709301625,80.5152979066023,15
Liverpool,2020-04-09,498042,66,862,411,13.251894418543,82.5231606972906,15
Liverpool,2020-04-10,498042,34,896,386,6.82673348834034,77.5035037205698,15
Liverpool,2020-04-11,498042,39,935,378,7.83066488368451,75.8972134880191,15
Liverpool,2020-04-12,498042,35,970,367,7.02751976740918,73.6885644182619,15
Liverpool,2020-04-13,498042,37,1007,353,7.42909232554684,70.8775565112983,16
Liverpool,2020-04-14,498042,31,1038,317,6.22437465113384,63.6492504648202,16
Liverpool,2020-04-15,498042,44,1082,286,8.83459627902868,57.4248758136864,16
Liverpool,2020-04-16,498042,55,1137,275,11.0432453487858,55.2162267439292,16
Liverpool,2020-04-17,498042,36,1173,277,7.22830604647801,55.6177993020669,16
Liverpool,2020-04-18,498042,45,1218,283,9.03538255809751,56.8225169764799,16
Liverpool,2020-04-19,498042,29,1247,277,5.82280209299617,55.6177993020669,16
Liverpool,2020-04-20,498042,44,1291,284,8.83459627902868,57.0233032555487,17
Liverpool,2020-04-21,498042,42,1333,295,8.43302372089101,59.2319523253059,17
Liverpool,2020-04-22,498042,52,1385,303,10.4408865115793,60.8382425578566,17
Liverpool,2020-04-23,498042,34,1419,282,6.82673348834034,56.6217306974111,17
Liverpool,2020-04-24,498042,38,1457,284,7.62987860461568,57.0233032555487,17
Liverpool,2020-04-25,498042,43,1500,282,8.63380999995984,56.6217306974111,17
Liverpool,2020-04-26,498042,19,1519,272,3.81493930230784,54.6138679067227,17
Liverpool,2020-04-27,498042,38,1557,266,7.62987860461568,53.4091502323097,18
Liverpool,2020-04-28,498042,37,1594,261,7.42909232554684,52.4052188369656,18
Liverpool,2020-04-29,498042,47,1641,256,9.43695511623518,51.4012874416214,18
Liverpool,2020-04-30,498042,39,1680,261,7.83066488368451,52.4052188369656,18
Liverpool,2020-05-01,498042,43,1723,266,8.63380999995984,53.4091502323097,18
Liverpool,2020-05-02,498042,29,1752,252,5.82280209299617,50.5981423253461,18
Liverpool,2020-05-03,498042,29,1781,262,5.82280209299617,52.6060051160344,18
Liverpool,2020-05-04,498042,19,1800,243,3.81493930230784,48.7910658137266,19
Liverpool,2020-05-05,498042,31,1831,237,6.22437465113384,47.5863481393136,19
Liverpool,2020-05-06,498042,21,1852,211,4.2165118604455,42.3659048835239,19
Liverpool,2020-05-07,498042,23,1875,195,4.61808441858317,39.1533244184225,19
Liverpool,2020-05-08,498042,26,1901,178,5.22044325578967,35.7399576742524,19
Liverpool,2020-05-09,498042,13,1914,162,2.61022162789484,32.527377209151,19
Liverpool,2020-05-10,498042,17,1931,150,3.41336674417017,30.117941860325,19
Liverpool,2020-05-11,498042,17,1948,148,3.41336674417017,29.7163693021874,20
Liverpool,2020-05-12,498042,40,1988,157,8.03145116275334,31.5234458138069,20
Liverpool,2020-05-13,498042,21,2009,157,4.2165118604455,31.5234458138069,20
Liverpool,2020-05-14,498042,14,2023,148,2.81100790696367,29.7163693021874,20
Liverpool,2020-05-15,498042,31,2054,153,6.22437465113384,30.7203006975315,20
Liverpool,2020-05-16,498042,7,2061,147,1.40550395348183,29.5155830231185,20
Liverpool,2020-05-17,498042,10,2071,140,2.00786279068834,28.1100790696367,20
Liverpool,2020-05-18,498042,10,2081,133,2.00786279068834,26.7045751161549,21
Liverpool,2020-05-19,498042,13,2094,106,2.61022162789484,21.2833455812964,21
Liverpool,2020-05-20,498042,16,2110,101,3.21258046510134,20.2794141859522,21
Liverpool,2020-05-21,498042,15,2125,102,3.0117941860325,20.480200465021,21
Liverpool,2020-05-22,498042,9,2134,80,1.8070765116195,16.0629023255067,21
Liverpool,2020-05-23,498042,14,2148,87,2.81100790696367,17.4684062789885,21
Liverpool,2020-05-24,498042,20,2168,97,4.01572558137667,19.4762690696769,21
Liverpool,2020-05-25,498042,14,2182,101,2.81100790696367,20.2794141859522,22
Liverpool,2020-05-26,498042,17,2199,105,3.41336674417017,21.0825593022275,22
Liverpool,2020-05-27,498042,18,2217,107,3.614153023239,21.4841318603652,22
Liverpool,2020-05-28,498042,13,2230,105,2.61022162789484,21.0825593022275,22
Liverpool,2020-05-29,498042,7,2237,103,1.40550395348183,20.6809867440899,22
Liverpool,2020-05-30,498042,11,2248,100,2.20864906975717,20.0786279068834,22
Liverpool,2020-05-31,498042,5,2253,85,1.00393139534417,17.0668337208509,22
Liverpool,2020-06-01,498042,6,2259,77,1.204717674413,15.4605434883002,23
Liverpool,2020-06-02,498042,6,2265,66,1.204717674413,13.251894418543,23
Liverpool,2020-06-03,498042,8,2273,56,1.60629023255067,11.2440316278547,23
Liverpool,2020-06-04,498042,11,2284,54,2.20864906975717,10.842459069717,23
Liverpool,2020-06-05,498042,5,2289,52,1.00393139534417,10.4408865115793,23
Liverpool,2020-06-06,498042,3,2292,44,0.602358837206501,8.83459627902868,23
Liverpool,2020-06-07,498042,4,2296,43,0.803145116275334,8.63380999995984,23
Liverpool,2020-06-08,498042,2,2298,39,0.401572558137667,7.83066488368451,24
Liverpool,2020-06-09,498042,2,2300,35,0.401572558137667,7.02751976740918,24
Liverpool,2020-06-10,498042,6,2306,33,1.204717674413,6.62594720927151,24
Liverpool,2020-06-11,498042,6,2312,28,1.204717674413,5.62201581392734,24
Liverpool,2020-06-12,498042,6,2318,29,1.204717674413,5.82280209299617,24
Liverpool,2020-06-13,498042,6,2324,32,1.204717674413,6.42516093020267,24
Liverpool,2020-06-14,498042,3,2327,31,0.602358837206501,6.22437465113384,24
Liverpool,2020-06-15,498042,4,2331,33,0.803145116275334,6.62594720927151,25
Liverpool,2020-06-16,498042,5,2336,36,1.00393139534417,7.22830604647801,25
Liverpool,2020-06-17,498042,11,2347,41,2.20864906975717,8.23223744182218,25
Liverpool,2020-06-18,498042,2,2349,37,0.401572558137667,7.42909232554684,25
Liverpool,2020-06-19,498042,2,2351,33,0.401572558137667,6.62594720927151,25
Liverpool,2020-06-20,498042,1,2352,28,0.200786279068834,5.62201581392734,25
Liverpool,2020-06-21,498042,6,2358,31,1.204717674413,6.22437465113384,25
Liverpool,2020-06-22,498042,9,2367,36,1.8070765116195,7.22830604647801,26
Liverpool,2020-06-23,498042,4,2371,35,0.803145116275334,7.02751976740918,26
Liverpool,2020-06-24,498042,6,2377,30,1.204717674413,6.02358837206501,26
Liverpool,2020-06-25,498042,5,2382,33,1.00393139534417,6.62594720927151,26
Liverpool,2020-06-26,498042,2,2384,33,0.401572558137667,6.62594720927151,26
Liverpool,2020-06-27,498042,6,2390,38,1.204717674413,7.62987860461568,26
Liverpool,2020-06-28,498042,7,2397,39,1.40550395348183,7.83066488368451,26
Liverpool,2020-06-29,498042,12,2409,42,2.409435348826,8.43302372089101,27
Liverpool,2020-06-30,498042,6,2415,44,1.204717674413,8.83459627902868,27
Liverpool,2020-07-01,498042,7,2422,45,1.40550395348183,9.03538255809751,27
Liverpool,2020-07-02,498042,10,2432,50,2.00786279068834,10.0393139534417,27
Liverpool,2020-07-03,498042,7,2439,55,1.40550395348183,11.0432453487858,27
Liverpool,2020-07-04,498042,1,2440,50,0.200786279068834,10.0393139534417,27
Liverpool,2020-07-05,498042,9,2449,52,1.8070765116195,10.4408865115793,27
Liverpool,2020-07-06,498042,3,2452,43,0.602358837206501,8.63380999995984,28
Liverpool,2020-07-07,498042,4,2456,41,0.803145116275334,8.23223744182218,28
Liverpool,2020-07-08,498042,4,2460,38,0.803145116275334,7.62987860461568,28
Liverpool,2020-07-09,498042,2,2462,30,0.401572558137667,6.02358837206501,28
Liverpool,2020-07-10,498042,1,2463,24,0.200786279068834,4.81887069765201,28
Liverpool,2020-07-11,498042,4,2467,27,0.803145116275334,5.42122953485851,28
Liverpool,2020-07-12,498042,3,2470,21,0.602358837206501,4.2165118604455,28
Liverpool,2020-07-13,498042,4,2474,22,0.803145116275334,4.41729813951434,29
Liverpool,2020-07-14,498042,1,2475,19,0.200786279068834,3.81493930230784,29
Liverpool,2020-07-15,498042,1,2476,16,0.200786279068834,3.21258046510134,29
Liverpool,2020-07-16,498042,3,2479,17,0.602358837206501,3.41336674417017,29
Liverpool,2020-07-17,498042,3,2482,19,0.602358837206501,3.81493930230784,29
Liverpool,2020-07-18,498042,3,2485,18,0.602358837206501,3.614153023239,29
Liverpool,2020-07-19,498042,1,2486,16,0.200786279068834,3.21258046510134,29
Liverpool,2020-07-20,498042,2,2488,14,0.401572558137667,2.81100790696367,30
Liverpool,2020-07-21,498042,7,2495,20,1.40550395348183,4.01572558137667,30
Liverpool,2020-07-22,498042,12,2507,31,2.409435348826,6.22437465113384,30
Liverpool,2020-07-23,498042,0,2507,28,0,5.62201581392734,30
Liverpool,2020-07-24,498042,4,2511,29,0.803145116275334,5.82280209299617,30
Liverpool,2020-07-25,498042,6,2517,32,1.204717674413,6.42516093020267,30
Liverpool,2020-07-26,498042,13,2530,44,2.61022162789484,8.83459627902868,30
Liverpool,2020-07-27,498042,15,2545,57,3.0117941860325,11.4448179069235,31
Liverpool,2020-07-28,498042,2,2547,52,0.401572558137667,10.4408865115793,31
Liverpool,2020-07-29,498042,16,2563,56,3.21258046510134,11.2440316278547,31
Liverpool,2020-07-30,498042,7,2570,63,1.40550395348183,12.6495355813365,31
Liverpool,2020-07-31,498042,14,2584,73,2.81100790696367,14.6573983720248,31
Liverpool,2020-08-01,498042,4,2588,71,0.803145116275334,14.2558258138872,31
Liverpool,2020-08-02,498042,9,2597,67,1.8070765116195,13.4526806976118,31
Liverpool,2020-08-03,498042,10,2607,62,2.00786279068834,12.4487493022677,32
Liverpool,2020-08-04,498042,6,2613,66,1.204717674413,13.251894418543,32
Liverpool,2020-08-05,498042,14,2627,64,2.81100790696367,12.8503218604053,32
Liverpool,2020-08-06,498042,10,2637,67,2.00786279068834,13.4526806976118,32
Liverpool,2020-08-07,498042,7,2644,60,1.40550395348183,12.04717674413,32
Liverpool,2020-08-08,498042,8,2652,64,1.60629023255067,12.8503218604053,32
Liverpool,2020-08-09,498042,4,2656,59,0.803145116275334,11.8463904650612,32
Liverpool,2020-08-10,498042,17,2673,66,3.41336674417017,13.251894418543,33
Liverpool,2020-08-11,498042,8,2681,68,1.60629023255067,13.6534669766807,33
Liverpool,2020-08-12,498042,7,2688,61,1.40550395348183,12.2479630231988,33
Liverpool,2020-08-13,498042,12,2700,63,2.409435348826,12.6495355813365,33
Liverpool,2020-08-14,498042,10,2710,66,2.00786279068834,13.251894418543,33
Liverpool,2020-08-15,498042,3,2713,61,0.602358837206501,12.2479630231988,33
Liverpool,2020-08-16,498042,9,2722,66,1.8070765116195,13.251894418543,33
Liverpool,2020-08-17,498042,22,2744,71,4.41729813951434,14.2558258138872,34
Liverpool,2020-08-18,498042,14,2758,77,2.81100790696367,15.4605434883002,34
Liverpool,2020-08-19,498042,18,2776,88,3.614153023239,17.6691925580574,34
Liverpool,2020-08-20,498042,8,2784,84,1.60629023255067,16.866047441782,34
Liverpool,2020-08-21,498042,15,2799,89,3.0117941860325,17.8699788371262,34
Liverpool,2020-08-22,498042,8,2807,94,1.60629023255067,18.8739102324704,34
Liverpool,2020-08-23,498042,4,2811,89,0.803145116275334,17.8699788371262,34
Liverpool,2020-08-24,498042,11,2822,78,2.20864906975717,15.661329767369,35
Liverpool,2020-08-25,498042,11,2833,75,2.20864906975717,15.0589709301625,35
Liverpool,2020-08-26,498042,11,2844,68,2.20864906975717,13.6534669766807,35
Liverpool,2020-08-27,498042,9,2853,69,1.8070765116195,13.8542532557495,35
Liverpool,2020-08-28,498042,20,2873,74,4.01572558137667,14.8581846510937,35
Liverpool,2020-08-29,498042,9,2882,75,1.8070765116195,15.0589709301625,35
Liverpool,2020-08-30,498042,15,2897,86,3.0117941860325,17.2676199999197,35
Liverpool,2020-08-31,498042,16,2913,91,3.21258046510134,18.2715513952639,36
Liverpool,2020-09-01,498042,14,2927,94,2.81100790696367,18.8739102324704,36
Liverpool,2020-09-02,498042,41,2968,124,8.23223744182218,24.8974986045354,36
Liverpool,2020-09-03,498042,49,3017,164,9.83852767437284,32.9289497672887,36
Liverpool,2020-09-04,498042,61,3078,205,12.2479630231988,41.1611872091109,36
Liverpool,2020-09-05,498042,56,3134,252,11.2440316278547,50.5981423253461,36
Liverpool,2020-09-06,498042,42,3176,279,8.43302372089101,56.0193718602046,36
Liverpool,2020-09-07,498042,66,3242,329,13.251894418543,66.0586858136462,37
Liverpool,2020-09-08,498042,51,3293,366,10.2401002325105,73.4877781391931,37
Liverpool,2020-09-09,498042,81,3374,406,16.2636886045755,81.5192293019464,37
Liverpool,2020-09-10,498042,67,3441,424,13.4526806976118,85.1333823251854,37
Liverpool,2020-09-11,498042,1,3442,364,0.200786279068834,73.0862055810554,37
Liverpool,2020-09-12,498042,0,3442,308,0,61.8421739532007,37
The Wirral,2020-03-01,324011,1,1,,0.308631497078803,,9
The Wirral,2020-03-02,324011,0,1,,0,,10
The Wirral,2020-03-03,324011,0,1,,0,,10
The Wirral,2020-03-04,324011,0,1,,0,,10
The Wirral,2020-03-05,324011,0,1,,0,,10
The Wirral,2020-03-06,324011,0,1,,0,,10
The Wirral,2020-03-07,324011,0,1,1,0,0.308631497078803,10
The Wirral,2020-03-08,324011,2,3,2,0.617262994157606,0.617262994157606,10
The Wirral,2020-03-09,324011,0,3,2,0,0.617262994157606,11
The Wirral,2020-03-10,324011,0,3,2,0,0.617262994157606,11
The Wirral,2020-03-11,324011,1,4,3,0.308631497078803,0.925894491236409,11
The Wirral,2020-03-12,324011,1,5,4,0.308631497078803,1.23452598831521,11
The Wirral,2020-03-13,324011,1,6,5,0.308631497078803,1.54315748539401,11
The Wirral,2020-03-14,324011,2,8,7,0.617262994157606,2.16042047955162,11
The Wirral,2020-03-15,324011,0,8,5,0,1.54315748539401,11
The Wirral,2020-03-16,324011,2,10,7,0.617262994157606,2.16042047955162,12
The Wirral,2020-03-17,324011,0,10,7,0,2.16042047955162,12
The Wirral,2020-03-18,324011,0,10,6,0,1.85178898247282,12
The Wirral,2020-03-19,324011,1,11,6,0.308631497078803,1.85178898247282,12
The Wirral,2020-03-20,324011,2,13,7,0.617262994157606,2.16042047955162,12
The Wirral,2020-03-21,324011,3,16,8,0.925894491236409,2.46905197663042,12
The Wirral,2020-03-22,324011,5,21,13,1.54315748539401,4.01220946202444,12
The Wirral,2020-03-23,324011,7,28,18,2.16042047955162,5.55536694741845,13
The Wirral,2020-03-24,324011,10,38,28,3.08631497078803,8.64168191820648,13
The Wirral,2020-03-25,324011,6,44,34,1.85178898247282,10.4934709006793,13
The Wirral,2020-03-26,324011,11,55,44,3.39494646786683,13.5797858714673,13
The Wirral,2020-03-27,324011,15,70,57,4.62947245618204,17.5919953334918,13
The Wirral,2020-03-28,324011,13,83,67,4.01220946202444,20.6783103042798,13
The Wirral,2020-03-29,324011,22,105,84,6.78989293573366,25.9250457546194,13
The Wirral,2020-03-30,324011,18,123,95,5.55536694741845,29.3199922224863,14
The Wirral,2020-03-31,324011,16,139,101,4.93810395326085,31.1717812049591,14
The Wirral,2020-04-01,324011,18,157,113,5.55536694741845,34.8753591699047,14
The Wirral,2020-04-02,324011,52,209,154,16.0488378480977,47.5292505501357,14
The Wirral,2020-04-03,324011,44,253,183,13.5797858714673,56.4795639654209,14
The Wirral,2020-04-04,324011,42,295,212,12.9625228773097,65.4298773807062,14
The Wirral,2020-04-05,324011,43,338,233,13.2711543743885,71.9111388193611,14
The Wirral,2020-04-06,324011,47,385,262,14.5056803627037,80.8614522346464,15
The Wirral,2020-04-07,324011,49,434,295,15.1229433568613,91.0462916382469,15
The Wirral,2020-04-08,324011,49,483,326,15.1229433568613,100.61386804769,15
The Wirral,2020-04-09,324011,40,523,314,12.3452598831521,96.9102900827441,15
The Wirral,2020-04-10,324011,30,553,300,9.25894491236409,92.5894491236409,15
The Wirral,2020-04-11,324011,35,588,293,10.8021023977581,90.4290286440892,15
The Wirral,2020-04-12,324011,27,615,277,8.33305042112768,85.4909246908284,15
The Wirral,2020-04-13,324011,35,650,265,10.8021023977581,81.7873467258828,16
The Wirral,2020-04-14,324011,46,696,262,14.1970488656249,80.8614522346464,16
The Wirral,2020-04-15,324011,40,736,253,12.3452598831521,78.0837687609371,16
The Wirral,2020-04-16,324011,30,766,243,9.25894491236409,74.9974537901491,16
The Wirral,2020-04-17,324011,29,795,242,8.95031341528528,74.6888222930703,16
The Wirral,2020-04-18,324011,45,840,252,13.8884173685461,77.7751372638583,16
The Wirral,2020-04-19,324011,42,882,267,12.9625228773097,82.4046097200404,16
The Wirral,2020-04-20,324011,22,904,254,6.78989293573366,78.3924002580159,17
The Wirral,2020-04-21,324011,31,935,239,9.56757640944289,73.7629278018339,17
The Wirral,2020-04-22,324011,46,981,245,14.1970488656249,75.6147167843067,17
The Wirral,2020-04-23,324011,39,1020,254,12.0366283860733,78.3924002580159,17
The Wirral,2020-04-24,324011,26,1046,251,8.02441892404887,77.4665057667795,17
The Wirral,2020-04-25,324011,20,1066,226,6.17262994157606,69.7507183398095,17
The Wirral,2020-04-26,324011,17,1083,201,5.24673545033965,62.0349309128394,17
The Wirral,2020-04-27,324011,19,1102,198,5.86399844449726,61.109036421603,18
The Wirral,2020-04-28,324011,24,1126,191,7.40715592989127,58.9486159420514,18
The Wirral,2020-04-29,324011,21,1147,166,6.48126143865486,51.2328285150813,18
The Wirral,2020-04-30,324011,16,1163,143,4.93810395326085,44.1343040822688,18
The Wirral,2020-05-01,324011,35,1198,152,10.8021023977581,46.911987555978,18
The Wirral,2020-05-02,324011,25,1223,157,7.71578742697007,48.4551450413721,18
The Wirral,2020-05-03,324011,23,1246,163,7.09852443281247,50.3069340238449,18
The Wirral,2020-05-04,324011,30,1276,174,9.25894491236409,53.7018804917117,19
The Wirral,2020-05-05,324011,36,1312,186,11.1107338948369,57.4054584566573,19
The Wirral,2020-05-06,324011,20,1332,185,6.17262994157606,57.0968269595785,19
The Wirral,2020-05-07,324011,36,1368,205,11.1107338948369,63.2694569011546,19
The Wirral,2020-05-08,324011,29,1397,199,8.95031341528528,61.4176679186818,19
The Wirral,2020-05-09,324011,16,1413,190,4.93810395326085,58.6399844449726,19
The Wirral,2020-05-10,324011,23,1436,190,7.09852443281247,58.6399844449726,19
The Wirral,2020-05-11,324011,30,1466,190,9.25894491236409,58.6399844449726,20
The Wirral,2020-05-12,324011,24,1490,178,7.40715592989127,54.9364064800269,20
The Wirral,2020-05-13,324011,42,1532,200,12.9625228773097,61.7262994157606,20
The Wirral,2020-05-14,324011,19,1551,183,5.86399844449726,56.4795639654209,20
The Wirral,2020-05-15,324011,17,1568,171,5.24673545033965,52.7759860004753,20
The Wirral,2020-05-16,324011,22,1590,177,6.78989293573366,54.6277749829481,20
The Wirral,2020-05-17,324011,16,1606,170,4.93810395326085,52.4673545033965,20
The Wirral,2020-05-18,324011,19,1625,159,5.86399844449726,49.0724080355297,21
The Wirral,2020-05-19,324011,23,1648,158,7.09852443281247,48.7637765384509,21
The Wirral,2020-05-20,324011,15,1663,131,4.62947245618204,40.4307261173232,21
The Wirral,2020-05-21,324011,17,1680,129,5.24673545033965,39.8134631231656,21
The Wirral,2020-05-22,324011,14,1694,126,4.32084095910324,38.8875686319292,21
The Wirral,2020-05-23,324011,6,1700,110,1.85178898247282,33.9494646786683,21
The Wirral,2020-05-24,324011,21,1721,115,6.48126143865486,35.4926221640623,21
The Wirral,2020-05-25,324011,15,1736,111,4.62947245618204,34.2580961757471,22
The Wirral,2020-05-26,324011,19,1755,107,5.86399844449726,33.0235701874319,22
The Wirral,2020-05-27,324011,18,1773,110,5.55536694741845,33.9494646786683,22
The Wirral,2020-05-28,324011,15,1788,108,4.62947245618204,33.3322016845107,22
The Wirral,2020-05-29,324011,15,1803,109,4.62947245618204,33.6408331815895,22
The Wirral,2020-05-30,324011,2,1805,105,0.617262994157606,32.4063071932743,22
The Wirral,2020-05-31,324011,7,1812,91,2.16042047955162,28.0854662341711,22
The Wirral,2020-06-01,324011,15,1827,91,4.62947245618204,28.0854662341711,23
The Wirral,2020-06-02,324011,10,1837,82,3.08631497078803,25.3077827604618,23
The Wirral,2020-06-03,324011,13,1850,77,4.01220946202444,23.7646252750678,23
The Wirral,2020-06-04,324011,13,1863,75,4.01220946202444,23.1473622809102,23
The Wirral,2020-06-05,324011,4,1867,64,1.23452598831521,19.7524158130434,23
The Wirral,2020-06-06,324011,5,1872,67,1.54315748539401,20.6783103042798,23
The Wirral,2020-06-07,324011,3,1875,63,0.925894491236409,19.4437843159646,23
The Wirral,2020-06-08,324011,7,1882,55,2.16042047955162,16.9747323393342,24
The Wirral,2020-06-09,324011,3,1885,48,0.925894491236409,14.8143118597825,24
The Wirral,2020-06-10,324011,11,1896,46,3.39494646786683,14.1970488656249,24
The Wirral,2020-06-11,324011,9,1905,42,2.77768347370923,12.9625228773097,24
The Wirral,2020-06-12,324011,9,1914,47,2.77768347370923,14.5056803627037,24
The Wirral,2020-06-13,324011,3,1917,45,0.925894491236409,13.8884173685461,24
The Wirral,2020-06-14,324011,5,1922,47,1.54315748539401,14.5056803627037,24
The Wirral,2020-06-15,324011,15,1937,55,4.62947245618204,16.9747323393342,25
The Wirral,2020-06-16,324011,17,1954,69,5.24673545033965,21.2955732984374,25
The Wirral,2020-06-17,324011,12,1966,70,3.70357796494563,21.6042047955162,25
The Wirral,2020-06-18,324011,6,1972,67,1.85178898247282,20.6783103042798,25
The Wirral,2020-06-19,324011,4,1976,62,1.23452598831521,19.1351528188858,25
The Wirral,2020-06-20,324011,4,1980,63,1.23452598831521,19.4437843159646,25
The Wirral,2020-06-21,324011,4,1984,62,1.23452598831521,19.1351528188858,25
The Wirral,2020-06-22,324011,3,1987,50,0.925894491236409,15.4315748539401,26
The Wirral,2020-06-23,324011,11,1998,44,3.39494646786683,13.5797858714673,26
The Wirral,2020-06-24,324011,7,2005,39,2.16042047955162,12.0366283860733,26
The Wirral,2020-06-25,324011,6,2011,39,1.85178898247282,12.0366283860733,26
The Wirral,2020-06-26,324011,1,2012,36,0.308631497078803,11.1107338948369,26
The Wirral,2020-06-27,324011,1,2013,33,0.308631497078803,10.1848394036005,26
The Wirral,2020-06-28,324011,0,2013,29,0,8.95031341528528,26
The Wirral,2020-06-29,324011,2,2015,28,0.617262994157606,8.64168191820648,27
The Wirral,2020-06-30,324011,2,2017,19,0.617262994157606,5.86399844449726,27
The Wirral,2020-07-01,324011,1,2018,13,0.308631497078803,4.01220946202444,27
The Wirral,2020-07-02,324011,0,2018,7,0,2.16042047955162,27
The Wirral,2020-07-03,324011,3,2021,9,0.925894491236409,2.77768347370923,27
The Wirral,2020-07-04,324011,1,2022,9,0.308631497078803,2.77768347370923,27
The Wirral,2020-07-05,324011,2,2024,11,0.617262994157606,3.39494646786683,27
The Wirral,2020-07-06,324011,8,2032,17,2.46905197663042,5.24673545033965,28
The Wirral,2020-07-07,324011,0,2032,15,0,4.62947245618204,28
The Wirral,2020-07-08,324011,3,2035,17,0.925894491236409,5.24673545033965,28
The Wirral,2020-07-09,324011,2,2037,19,0.617262994157606,5.86399844449726,28
The Wirral,2020-07-10,324011,1,2038,17,0.308631497078803,5.24673545033965,28
The Wirral,2020-07-11,324011,1,2039,17,0.308631497078803,5.24673545033965,28
The Wirral,2020-07-12,324011,0,2039,15,0,4.62947245618204,28
The Wirral,2020-07-13,324011,1,2040,8,0.308631497078803,2.46905197663042,29
The Wirral,2020-07-14,324011,2,2042,10,0.617262994157606,3.08631497078803,29
The Wirral,2020-07-15,324011,1,2043,8,0.308631497078803,2.46905197663042,29
The Wirral,2020-07-16,324011,0,2043,6,0,1.85178898247282,29
The Wirral,2020-07-17,324011,0,2043,5,0,1.54315748539401,29
The Wirral,2020-07-18,324011,4,2047,8,1.23452598831521,2.46905197663042,29
The Wirral,2020-07-19,324011,0,2047,8,0,2.46905197663042,29
The Wirral,2020-07-20,324011,5,2052,12,1.54315748539401,3.70357796494563,30
The Wirral,2020-07-21,324011,2,2054,12,0.617262994157606,3.70357796494563,30
The Wirral,2020-07-22,324011,2,2056,13,0.617262994157606,4.01220946202444,30
The Wirral,2020-07-23,324011,2,2058,15,0.617262994157606,4.62947245618204,30
The Wirral,2020-07-24,324011,1,2059,16,0.308631497078803,4.93810395326085,30
The Wirral,2020-07-25,324011,1,2060,13,0.308631497078803,4.01220946202444,30
The Wirral,2020-07-26,324011,0,2060,13,0,4.01220946202444,30
The Wirral,2020-07-27,324011,1,2061,9,0.308631497078803,2.77768347370923,31
The Wirral,2020-07-28,324011,1,2062,8,0.308631497078803,2.46905197663042,31
The Wirral,2020-07-29,324011,7,2069,13,2.16042047955162,4.01220946202444,31
The Wirral,2020-07-30,324011,4,2073,15,1.23452598831521,4.62947245618204,31
The Wirral,2020-07-31,324011,1,2074,15,0.308631497078803,4.62947245618204,31
The Wirral,2020-08-01,324011,4,2078,18,1.23452598831521,5.55536694741845,31
The Wirral,2020-08-02,324011,0,2078,18,0,5.55536694741845,31
The Wirral,2020-08-03,324011,1,2079,18,0.308631497078803,5.55536694741845,32
The Wirral,2020-08-04,324011,2,2081,19,0.617262994157606,5.86399844449726,32
The Wirral,2020-08-05,324011,2,2083,14,0.617262994157606,4.32084095910324,32
The Wirral,2020-08-06,324011,2,2085,12,0.617262994157606,3.70357796494563,32
The Wirral,2020-08-07,324011,6,2091,17,1.85178898247282,5.24673545033965,32
The Wirral,2020-08-08,324011,0,2091,13,0,4.01220946202444,32
The Wirral,2020-08-09,324011,0,2091,13,0,4.01220946202444,32
The Wirral,2020-08-10,324011,2,2093,14,0.617262994157606,4.32084095910324,33
The Wirral,2020-08-11,324011,5,2098,17,1.54315748539401,5.24673545033965,33
The Wirral,2020-08-12,324011,0,2098,15,0,4.62947245618204,33
The Wirral,2020-08-13,324011,4,2102,17,1.23452598831521,5.24673545033965,33
The Wirral,2020-08-14,324011,1,2103,12,0.308631497078803,3.70357796494563,33
The Wirral,2020-08-15,324011,2,2105,14,0.617262994157606,4.32084095910324,33
The Wirral,2020-08-16,324011,3,2108,17,0.925894491236409,5.24673545033965,33
The Wirral,2020-08-17,324011,2,2110,17,0.617262994157606,5.24673545033965,34
The Wirral,2020-08-18,324011,2,2112,14,0.617262994157606,4.32084095910324,34
The Wirral,2020-08-19,324011,6,2118,20,1.85178898247282,6.17262994157606,34
The Wirral,2020-08-20,324011,4,2122,20,1.23452598831521,6.17262994157606,34
The Wirral,2020-08-21,324011,5,2127,24,1.54315748539401,7.40715592989127,34
The Wirral,2020-08-22,324011,6,2133,28,1.85178898247282,8.64168191820648,34
The Wirral,2020-08-23,324011,6,2139,31,1.85178898247282,9.56757640944289,34
The Wirral,2020-08-24,324011,16,2155,45,4.93810395326085,13.8884173685461,35
The Wirral,2020-08-25,324011,16,2171,59,4.93810395326085,18.2092583276494,35
The Wirral,2020-08-26,324011,13,2184,66,4.01220946202444,20.369678807201,35
The Wirral,2020-08-27,324011,15,2199,77,4.62947245618204,23.7646252750678,35
The Wirral,2020-08-28,324011,25,2224,97,7.71578742697007,29.9372552166439,35
The Wirral,2020-08-29,324011,6,2230,97,1.85178898247282,29.9372552166439,35
The Wirral,2020-08-30,324011,7,2237,98,2.16042047955162,30.2458867137227,35
The Wirral,2020-08-31,324011,23,2260,105,7.09852443281247,32.4063071932743,36
The Wirral,2020-09-01,324011,26,2286,115,8.02441892404887,35.4926221640623,36
The Wirral,2020-09-02,324011,33,2319,135,10.1848394036005,41.6652521056384,36
The Wirral,2020-09-03,324011,32,2351,152,9.87620790652169,46.911987555978,36
The Wirral,2020-09-04,324011,46,2397,173,14.1970488656249,53.3932489946329,36
The Wirral,2020-09-05,324011,22,2419,189,6.78989293573366,58.3313529478938,36
The Wirral,2020-09-06,324011,30,2449,212,9.25894491236409,65.4298773807062,36
The Wirral,2020-09-07,324011,41,2490,230,12.6538913802309,70.9852443281247,37
The Wirral,2020-09-08,324011,48,2538,252,14.8143118597825,77.7751372638583,37
The Wirral,2020-09-09,324011,39,2577,258,12.0366283860733,79.6269262463312,37
The Wirral,2020-09-10,324011,37,2614,263,11.4193653919157,81.1700837317252,37
The Wirral,2020-09-11,324011,1,2615,218,0.308631497078803,67.281666363179,37
The Wirral,2020-09-12,324011,0,2615,196,0,60.4917734274454,37
Gwynedd,2020-02-03,124560,0,0,,0,,6
Gwynedd,2020-02-04,124560,0,0,,0,,6
Gwynedd,2020-02-05,124560,0,0,,0,,6
Gwynedd,2020-02-06,124560,0,0,,0,,6
Gwynedd,2020-02-07,124560,0,0,,0,,6
Gwynedd,2020-02-08,124560,0,0,,0,,6
Gwynedd,2020-02-09,124560,0,0,0,0,0,6
Gwynedd,2020-02-10,124560,0,0,0,0,0,7
Gwynedd,2020-02-11,124560,0,0,0,0,0,7
Gwynedd,2020-02-12,124560,0,0,0,0,0,7
Gwynedd,2020-02-13,124560,0,0,0,0,0,7
Gwynedd,2020-02-14,124560,0,0,0,0,0,7
Gwynedd,2020-02-15,124560,0,0,0,0,0,7
Gwynedd,2020-02-16,124560,0,0,0,0,0,7
Gwynedd,2020-02-17,124560,0,0,0,0,0,8
Gwynedd,2020-02-18,124560,0,0,0,0,0,8
Gwynedd,2020-02-19,124560,0,0,0,0,0,8
Gwynedd,2020-02-20,124560,0,0,0,0,0,8
Gwynedd,2020-02-21,124560,0,0,0,0,0,8
Gwynedd,2020-02-22,124560,0,0,0,0,0,8
Gwynedd,2020-02-23,124560,0,0,0,0,0,8
Gwynedd,2020-02-24,124560,0,0,0,0,0,9
Gwynedd,2020-02-25,124560,0,0,0,0,0,9
Gwynedd,2020-02-26,124560,0,0,0,0,0,9
Gwynedd,2020-02-27,124560,0,0,0,0,0,9
Gwynedd,2020-02-28,124560,0,0,0,0,0,9
Gwynedd,2020-02-29,124560,0,0,0,0,0,9
Gwynedd,2020-03-01,124560,0,0,0,0,0,9
Gwynedd,2020-03-02,124560,0,0,0,0,0,10
Gwynedd,2020-03-03,124560,0,0,0,0,0,10
Gwynedd,2020-03-04,124560,0,0,0,0,0,10
Gwynedd,2020-03-05,124560,0,0,0,0,0,10
Gwynedd,2020-03-06,124560,0,0,0,0,0,10
Gwynedd,2020-03-07,124560,0,0,0,0,0,10
Gwynedd,2020-03-08,124560,0,0,0,0,0,10
Gwynedd,2020-03-09,124560,0,0,0,0,0,11
Gwynedd,2020-03-10,124560,0,0,0,0,0,11
Gwynedd,2020-03-11,124560,0,0,0,0,0,11
Gwynedd,2020-03-12,124560,0,0,0,0,0,11
Gwynedd,2020-03-13,124560,0,0,0,0,0,11
Gwynedd,2020-03-14,124560,0,0,0,0,0,11
Gwynedd,2020-03-15,124560,0,0,0,0,0,11
Gwynedd,2020-03-16,124560,1,1,1,0.802825947334618,0.802825947334618,12
Gwynedd,2020-03-17,124560,0,1,1,0,0.802825947334618,12
Gwynedd,2020-03-18,124560,2,3,3,1.60565189466924,2.40847784200385,12
Gwynedd,2020-03-19,124560,1,4,4,0.802825947334618,3.21130378933847,12
Gwynedd,2020-03-20,124560,0,4,4,0,3.21130378933847,12
Gwynedd,2020-03-21,124560,0,4,4,0,3.21130378933847,12
Gwynedd,2020-03-22,124560,0,4,4,0,3.21130378933847,12
Gwynedd,2020-03-23,124560,0,4,3,0,2.40847784200385,13
Gwynedd,2020-03-24,124560,2,6,5,1.60565189466924,4.01412973667309,13
Gwynedd,2020-03-25,124560,2,8,5,1.60565189466924,4.01412973667309,13
Gwynedd,2020-03-26,124560,2,10,6,1.60565189466924,4.81695568400771,13
Gwynedd,2020-03-27,124560,1,11,7,0.802825947334618,5.61978163134233,13
Gwynedd,2020-03-28,124560,3,14,10,2.40847784200385,8.02825947334618,13
Gwynedd,2020-03-29,124560,1,15,11,0.802825947334618,8.8310854206808,13
Gwynedd,2020-03-30,124560,1,16,12,0.802825947334618,9.63391136801541,14
Gwynedd,2020-03-31,124560,2,18,12,1.60565189466924,9.63391136801541,14
Gwynedd,2020-04-01,124560,0,18,10,0,8.02825947334618,14
Gwynedd,2020-04-02,124560,1,19,9,0.802825947334618,7.22543352601156,14
Gwynedd,2020-04-03,124560,6,25,14,4.81695568400771,11.2395632626846,14
Gwynedd,2020-04-04,124560,4,29,15,3.21130378933847,12.0423892100193,14
Gwynedd,2020-04-05,124560,0,29,14,0,11.2395632626846,14
Gwynedd,2020-04-06,124560,6,35,19,4.81695568400771,15.2536929993577,15
Gwynedd,2020-04-07,124560,7,42,24,5.61978163134233,19.2678227360308,15
Gwynedd,2020-04-08,124560,5,47,29,4.01412973667309,23.2819524727039,15
Gwynedd,2020-04-09,124560,14,61,42,11.2395632626846,33.718689788054,15
Gwynedd,2020-04-10,124560,6,67,42,4.81695568400771,33.718689788054,15
Gwynedd,2020-04-11,124560,9,76,47,7.22543352601156,37.732819524727,15
Gwynedd,2020-04-12,124560,7,83,54,5.61978163134233,43.3526011560694,15
Gwynedd,2020-04-13,124560,27,110,75,21.6763005780347,60.2119460500963,16
Gwynedd,2020-04-14,124560,12,122,80,9.63391136801541,64.2260757867694,16
Gwynedd,2020-04-15,124560,6,128,81,4.81695568400771,65.028901734104,16
Gwynedd,2020-04-16,124560,12,140,79,9.63391136801541,63.4232498394348,16
Gwynedd,2020-04-17,124560,7,147,80,5.61978163134233,64.2260757867694,16
Gwynedd,2020-04-18,124560,17,164,88,13.6480411046885,70.6486833654464,16
Gwynedd,2020-04-19,124560,6,170,87,4.81695568400771,69.8458574181118,16
Gwynedd,2020-04-20,124560,10,180,70,8.02825947334618,56.1978163134233,17
Gwynedd,2020-04-21,124560,6,186,64,4.81695568400771,51.3808606294156,17
Gwynedd,2020-04-22,124560,6,192,64,4.81695568400771,51.3808606294156,17
Gwynedd,2020-04-23,124560,9,201,61,7.22543352601156,48.9723827874117,17
Gwynedd,2020-04-24,124560,8,209,62,6.42260757867694,49.7752087347463,17
Gwynedd,2020-04-25,124560,6,215,51,4.81695568400771,40.9441233140655,17
Gwynedd,2020-04-26,124560,9,224,54,7.22543352601156,43.3526011560694,17
Gwynedd,2020-04-27,124560,7,231,51,5.61978163134233,40.9441233140655,18
Gwynedd,2020-04-28,124560,5,236,50,4.01412973667309,40.1412973667309,18
Gwynedd,2020-04-29,124560,5,241,49,4.01412973667309,39.3384714193963,18
Gwynedd,2020-04-30,124560,5,246,45,4.01412973667309,36.1271676300578,18
Gwynedd,2020-05-01,124560,4,250,41,3.21130378933847,32.9158638407193,18
Gwynedd,2020-05-02,124560,3,253,38,2.40847784200385,30.5073859987155,18
Gwynedd,2020-05-03,124560,0,253,29,0,23.2819524727039,18
Gwynedd,2020-05-04,124560,9,262,31,7.22543352601156,24.8876043673732,19
Gwynedd,2020-05-05,124560,11,273,37,8.8310854206808,29.7045600513809,19
Gwynedd,2020-05-06,124560,15,288,47,12.0423892100193,37.732819524727,19
Gwynedd,2020-05-07,124560,10,298,52,8.02825947334618,41.7469492614001,19
Gwynedd,2020-05-08,124560,7,305,55,5.61978163134233,44.155427103404,19
Gwynedd,2020-05-09,124560,5,310,57,4.01412973667309,45.7610789980732,19
Gwynedd,2020-05-10,124560,5,315,62,4.01412973667309,49.7752087347463,19
Gwynedd,2020-05-11,124560,5,320,58,4.01412973667309,46.5639049454078,20
Gwynedd,2020-05-12,124560,2,322,49,1.60565189466924,39.3384714193963,20
Gwynedd,2020-05-13,124560,7,329,41,5.61978163134233,32.9158638407193,20
Gwynedd,2020-05-14,124560,7,336,38,5.61978163134233,30.5073859987155,20
Gwynedd,2020-05-15,124560,9,345,40,7.22543352601156,32.1130378933847,20
Gwynedd,2020-05-16,124560,10,355,45,8.02825947334618,36.1271676300578,20
Gwynedd,2020-05-17,124560,13,368,53,10.43673731535,42.5497752087348,20
Gwynedd,2020-05-18,124560,9,377,57,7.22543352601156,45.7610789980732,21
Gwynedd,2020-05-19,124560,3,380,58,2.40847784200385,46.5639049454078,21
Gwynedd,2020-05-20,124560,5,385,56,4.01412973667309,44.9582530507386,21
Gwynedd,2020-05-21,124560,5,390,54,4.01412973667309,43.3526011560694,21
Gwynedd,2020-05-22,124560,3,393,48,2.40847784200385,38.5356454720617,21
Gwynedd,2020-05-23,124560,9,402,47,7.22543352601156,37.732819524727,21
Gwynedd,2020-05-24,124560,0,402,34,0,27.296082209377,21
Gwynedd,2020-05-25,124560,3,405,28,2.40847784200385,22.4791265253693,22
Gwynedd,2020-05-26,124560,8,413,33,6.42260757867694,26.4932562620424,22
Gwynedd,2020-05-27,124560,5,418,33,4.01412973667309,26.4932562620424,22
Gwynedd,2020-05-28,124560,13,431,41,10.43673731535,32.9158638407193,22
Gwynedd,2020-05-29,124560,6,437,44,4.81695568400771,35.3243416827232,22
Gwynedd,2020-05-30,124560,9,446,44,7.22543352601156,35.3243416827232,22
Gwynedd,2020-05-31,124560,1,447,45,0.802825947334618,36.1271676300578,22
Gwynedd,2020-06-01,124560,7,454,49,5.61978163134233,39.3384714193963,23
Gwynedd,2020-06-02,124560,3,457,44,2.40847784200385,35.3243416827232,23
Gwynedd,2020-06-03,124560,5,462,44,4.01412973667309,35.3243416827232,23
Gwynedd,2020-06-04,124560,2,464,33,1.60565189466924,26.4932562620424,23
Gwynedd,2020-06-05,124560,7,471,34,5.61978163134233,27.296082209377,23
Gwynedd,2020-06-06,124560,4,475,29,3.21130378933847,23.2819524727039,23
Gwynedd,2020-06-07,124560,1,476,29,0.802825947334618,23.2819524727039,23
Gwynedd,2020-06-08,124560,3,479,25,2.40847784200385,20.0706486833654,24
Gwynedd,2020-06-09,124560,4,483,26,3.21130378933847,20.8734746307001,24
Gwynedd,2020-06-10,124560,5,488,26,4.01412973667309,20.8734746307001,24
Gwynedd,2020-06-11,124560,3,491,27,2.40847784200385,21.6763005780347,24
Gwynedd,2020-06-12,124560,1,492,21,0.802825947334618,16.859344894027,24
Gwynedd,2020-06-13,124560,4,496,21,3.21130378933847,16.859344894027,24
Gwynedd,2020-06-14,124560,3,499,23,2.40847784200385,18.4649967886962,24
Gwynedd,2020-06-15,124560,3,502,23,2.40847784200385,18.4649967886962,25
Gwynedd,2020-06-16,124560,0,502,19,0,15.2536929993577,25
Gwynedd,2020-06-17,124560,4,506,18,3.21130378933847,14.4508670520231,25
Gwynedd,2020-06-18,124560,6,512,21,4.81695568400771,16.859344894027,25
Gwynedd,2020-06-19,124560,27,539,47,21.6763005780347,37.732819524727,25
Gwynedd,2020-06-20,124560,6,545,49,4.81695568400771,39.3384714193963,25
Gwynedd,2020-06-21,124560,3,548,49,2.40847784200385,39.3384714193963,25
Gwynedd,2020-06-22,124560,4,552,50,3.21130378933847,40.1412973667309,26
Gwynedd,2020-06-23,124560,7,559,57,5.61978163134233,45.7610789980732,26
Gwynedd,2020-06-24,124560,2,561,55,1.60565189466924,44.155427103404,26
Gwynedd,2020-06-25,124560,3,564,52,2.40847784200385,41.7469492614001,26
Gwynedd,2020-06-26,124560,2,566,27,1.60565189466924,21.6763005780347,26
Gwynedd,2020-06-27,124560,1,567,22,0.802825947334618,17.6621708413616,26
Gwynedd,2020-06-28,124560,0,567,19,0,15.2536929993577,26
Gwynedd,2020-06-29,124560,3,570,18,2.40847784200385,14.4508670520231,27
Gwynedd,2020-06-30,124560,0,570,11,0,8.8310854206808,27
Gwynedd,2020-07-01,124560,1,571,10,0.802825947334618,8.02825947334618,27
Gwynedd,2020-07-02,124560,1,572,8,0.802825947334618,6.42260757867694,27
Gwynedd,2020-07-03,124560,0,572,6,0,4.81695568400771,27
Gwynedd,2020-07-04,124560,0,572,5,0,4.01412973667309,27
Gwynedd,2020-07-05,124560,0,572,5,0,4.01412973667309,27
Gwynedd,2020-07-06,124560,1,573,3,0.802825947334618,2.40847784200385,28
Gwynedd,2020-07-07,124560,1,574,4,0.802825947334618,3.21130378933847,28
Gwynedd,2020-07-08,124560,0,574,3,0,2.40847784200385,28
Gwynedd,2020-07-09,124560,2,576,4,1.60565189466924,3.21130378933847,28
Gwynedd,2020-07-10,124560,6,582,10,4.81695568400771,8.02825947334618,28
Gwynedd,2020-07-11,124560,1,583,11,0.802825947334618,8.8310854206808,28
Gwynedd,2020-07-12,124560,2,585,13,1.60565189466924,10.43673731535,28
Gwynedd,2020-07-13,124560,0,585,12,0,9.63391136801541,29
Gwynedd,2020-07-14,124560,0,585,11,0,8.8310854206808,29
Gwynedd,2020-07-15,124560,2,587,13,1.60565189466924,10.43673731535,29
Gwynedd,2020-07-16,124560,1,588,12,0.802825947334618,9.63391136801541,29
Gwynedd,2020-07-17,124560,0,588,6,0,4.81695568400771,29
Gwynedd,2020-07-18,124560,0,588,5,0,4.01412973667309,29
Gwynedd,2020-07-19,124560,0,588,3,0,2.40847784200385,29
Gwynedd,2020-07-20,124560,0,588,3,0,2.40847784200385,30
Gwynedd,2020-07-21,124560,1,589,4,0.802825947334618,3.21130378933847,30
Gwynedd,2020-07-22,124560,0,589,2,0,1.60565189466924,30
Gwynedd,2020-07-23,124560,1,590,2,0.802825947334618,1.60565189466924,30
Gwynedd,2020-07-24,124560,0,590,2,0,1.60565189466924,30
Gwynedd,2020-07-25,124560,2,592,4,1.60565189466924,3.21130378933847,30
Gwynedd,2020-07-26,124560,0,592,4,0,3.21130378933847,30
Gwynedd,2020-07-27,124560,0,592,4,0,3.21130378933847,31
Gwynedd,2020-07-28,124560,0,592,3,0,2.40847784200385,31
Gwynedd,2020-07-29,124560,1,593,4,0.802825947334618,3.21130378933847,31
Gwynedd,2020-07-30,124560,0,593,3,0,2.40847784200385,31
Gwynedd,2020-07-31,124560,0,593,3,0,2.40847784200385,31
Gwynedd,2020-08-01,124560,1,594,2,0.802825947334618,1.60565189466924,31
Gwynedd,2020-08-02,124560,0,594,2,0,1.60565189466924,31
Gwynedd,2020-08-03,124560,0,594,2,0,1.60565189466924,32
Gwynedd,2020-08-04,124560,1,595,3,0.802825947334618,2.40847784200385,32
Gwynedd,2020-08-05,124560,1,596,3,0.802825947334618,2.40847784200385,32
Gwynedd,2020-08-06,124560,1,597,4,0.802825947334618,3.21130378933847,32
Gwynedd,2020-08-07,124560,0,597,4,0,3.21130378933847,32
Gwynedd,2020-08-08,124560,2,599,5,1.60565189466924,4.01412973667309,32
Gwynedd,2020-08-09,124560,0,599,5,0,4.01412973667309,32
Gwynedd,2020-08-10,124560,0,599,5,0,4.01412973667309,33
Gwynedd,2020-08-11,124560,4,603,8,3.21130378933847,6.42260757867694,33
Gwynedd,2020-08-12,124560,1,604,8,0.802825947334618,6.42260757867694,33
Gwynedd,2020-08-13,124560,1,605,8,0.802825947334618,6.42260757867694,33
Gwynedd,2020-08-14,124560,1,606,9,0.802825947334618,7.22543352601156,33
Gwynedd,2020-08-15,124560,0,606,7,0,5.61978163134233,33
Gwynedd,2020-08-16,124560,1,607,8,0.802825947334618,6.42260757867694,33
Gwynedd,2020-08-17,124560,0,607,8,0,6.42260757867694,34
Gwynedd,2020-08-18,124560,2,609,6,1.60565189466924,4.81695568400771,34
Gwynedd,2020-08-19,124560,5,614,10,4.01412973667309,8.02825947334618,34
Gwynedd,2020-08-20,124560,1,615,10,0.802825947334618,8.02825947334618,34
Gwynedd,2020-08-21,124560,3,618,12,2.40847784200385,9.63391136801541,34
Gwynedd,2020-08-22,124560,0,618,12,0,9.63391136801541,34
Gwynedd,2020-08-23,124560,0,618,11,0,8.8310854206808,34
Gwynedd,2020-08-24,124560,0,618,11,0,8.8310854206808,35
Gwynedd,2020-08-25,124560,0,618,9,0,7.22543352601156,35
Gwynedd,2020-08-26,124560,3,621,7,2.40847784200385,5.61978163134233,35
Gwynedd,2020-08-27,124560,3,624,9,2.40847784200385,7.22543352601156,35
Gwynedd,2020-08-28,124560,0,624,6,0,4.81695568400771,35
Gwynedd,2020-08-29,124560,0,624,6,0,4.81695568400771,35
Gwynedd,2020-08-30,124560,2,626,8,1.60565189466924,6.42260757867694,35
Gwynedd,2020-08-31,124560,4,630,12,3.21130378933847,9.63391136801541,36
Gwynedd,2020-09-01,124560,0,630,12,0,9.63391136801541,36
Gwynedd,2020-09-02,124560,0,630,9,0,7.22543352601156,36
Gwynedd,2020-09-03,124560,2,632,8,1.60565189466924,6.42260757867694,36
Gwynedd,2020-09-04,124560,2,634,10,1.60565189466924,8.02825947334618,36
Gwynedd,2020-09-05,124560,2,636,12,1.60565189466924,9.63391136801541,36
Gwynedd,2020-09-06,124560,2,638,12,1.60565189466924,9.63391136801541,36
Gwynedd,2020-09-07,124560,3,641,11,2.40847784200385,8.8310854206808,37
Gwynedd,2020-09-08,124560,7,648,18,5.61978163134233,14.4508670520231,37
Gwynedd,2020-09-09,124560,0,648,18,0,14.4508670520231,37
Gwynedd,2020-09-10,124560,0,648,16,0,12.8452151573539,37
Gwynedd,2020-09-11,124560,0,648,14,0,11.2395632626846,37
Gwynedd,2020-09-12,124560,0,648,12,0,9.63391136801541,37
